0;*ГЛАВА ПЕРВАЯ. ЛЮБОВЬ, НЕНАВИСТЬ И ЕЩЁ КОЕ-ЧТО*
0;Через окошко экипажа тебе открывается вид на монастырь, по совместительству главный штаб Ордена. Его громоздкие стены, будто отлитые единым монолитом, вызывают в твоей душе благоговейное почтение перед его создателями. ;Ты слышишь, как хрипят лошади, вытаскивая карету через крутой склон - единственную дорогу к воротам монастыря. Стратегически успешное решение отстроить крепость на горе было не самым практичным, с точки зрения простого быта. ;На пути вашего экипажа тут и там встречаются поломники, пилигримы и просители. Кучер аккуратно ведёт лошадей, чтобы те не случайно не зацепили истощенных пешим походом гражданских. ;Наконец, экипаж останавливается перед главными воротами монастыря. Покинув пыльную кабинку кареты, ты в первую очередь принимаешься за лёгкую разминку. Нужно дать мышцам прийти в себя, прежде чем покорять длинные коридоры монастыря. ;За разминкой есть время пристально изучить могучие ворота. Хоть они и сделаны из дерева, но для большей прочности оббиты железом. Над воротами к верху поднята железная решётка. А в помещении над ними, в двух башнях, на тебя пристально смотрят несколько пар глаз дозорных. 
Поручик;Ну что, Мастер. Вот мы и на месте! Ну и махина, голова кругом идёт от высоты стен.
0;Ты безмолвно киваешь поручику.
Поручик;Я пойду вперёд, распоряжусь о том, что мы прибыли и нам нужна помощь с багажом.
0;Поручик берёт своего коня под уздцы и, насвистывая мелодию какой-то похабной песенки, направляется внутрь. Архивариус же принялся что-то срочно записывать в своём походном дневнике, поправляя постоянно сползающие на нос очки. ;Похоже, твой багаж находится в верных руках, ты направляешься внутрь. Внутренний двор монастыря вымащена камнем и, конечно, первым зданием, что видели посетители, был храм. Здесь совершались ежедневные молитвы, праздничные и траурные службы. ;Но что не мало важно, в случае нападения и разрушения ворот, храм превращался в неприступную крепость. Со своим несчётным количеством выбоин под стрелковые позиции лучников и железной массивной дверью, запирающуюся на железный засов весом в добрый центнер изнутри. ;Конюшня, по обыденности, расположена недалеко от ворот и своей протяжённостью убеждала в своей внушительной вместительности. Но тебя не волновало, смогут разместить здесь ваших лошадей или нет. ;Сейчас первоочередной задачой была встреча с заместителем Архимагистра. И, судя по чертежам крепости, которыми столь любезно снабдили тебя шпионы Монарха, командование Ордена распологалось в пятиэтажном здании, находящимся позади храма. ;Нагло вламываться к командиру не хотелось бы. Всё же, ты тут первый раз и пока не следует раскрывать твой уровень осведомлённости и знаний местной архитектуры. Оглядевшись вокруг, ты быстро приметил группу неофитов, направляющихся к главным воротам. ;Шесть новобранцев, одетых в смиренные серые мантии, сопровождает рыцарь Ордена. Она что-то говорит позади идущим неофитам, а те непринужденно улыбаются ей в ответ. Края её белоснежной мантии увенчаны золотыми нитями, что выдаёт в ней причастность к командующему составу.
1;Прошу прощения, благородный рыцарь. Я слуга Святой Церкви, прибывший к вам из столицы и спешу на встречу с заместителем Архимагистра. Не могли бы вы подсказать мне дорогу?;Я Инквизитор, прибыл по приказу короля. Где у вас здесь заседает командир Ордена.;Эй, рыцарь, где я могу найти твоего командира - заместителя Архимагистра?
0;Девушка складывает свои ладони перед грудью, в приветственном знаке для служителей Церкви. После чего велит своим спутницам подождать её у ворот. Неофиты проходят мимо тебя, украдкой кидая оценивающие взгляды. За спиной ты слышишь обрывки фраз, что шепчат эти ещё юные создания. ;"Посмотри на мантию…", "Такую в Инквизиции носят, точно вам говорю…" "Откуда тебе знать?" "Мы на уроках Церковной Иерархии проходили, дурочка. Если бы ты слушала, а не в облаках летала."
0;Рыцарь дождалась, пока новобранцы отдаляться на безопасное расстояние и улыбнулась тебе.
Умняка;Стало быть, вы - Инквизитор. Спасибо, что не представились перед неофитами. А то вместо тренировок сегодня бы получился очередной клуб сплетниц. Сами понимаете, девушки в этом возрасте ещё слишком ветрены и не серьёзны. И прошу меня простить, я не представилась. Умняка, Старший Воспитатель Ордена. 
0;Она протягивает тебе правую руку для рукопожатия, пока левой поправляет выпавший из под ободка белокурый локон.
Умняка;Очень хочется узнать как проходит командировка моей близкой подруги и по совместительству нашего Архимагистра. Но я спешу, к тому же, у нас будет ещё время для разговоров. А заместитель Архимагистра сейчас в своем кабинете. ;Вам нужно обойти Храм по левую сторону и сразу за ним вы и обнаружите Капитул. Поднимитесь на пятый третий этаж, в левой части увидите кабинет Архимагистра. Там как раз сейчас и работает заместитель.
1;Спасибо вам, Умняка. Хотелось бы поинтересоваться у вас, куда же вы всё-таки спешите.Благодарю вас, Умняка. Что ж, скорее поспешу к заместителю. А вам пожелаю прекрасного дня. Пусть Свет благословит вас и ваших учеников.;Благодарю вас, Умняка. Что ж, скорее поспешу к заместителю. А вам пожелаю прекрасного дня. Пусть Свет благословит вас и ваших учеников.;Понятно, что ж, я пошёл.
Умняка;О, сейчас у нас по плану верховая езда. Видите ли, внутри монастыря мы можем позволить себе расквартировать только рыцарских лошадей. Орден содержит огромный конный двор расположенный на северной границе города. Оттуда мы совершим небольшой бросок по большаку в лесах. А после обеда мои девочки будут раздавать довольство неимущим на центральном рынке города.
1;Прелестно! И на этом не смею вас больше задерживать.
0;Умняка прощается с тобой, исполнив неглубокий реверанс. Поклонившись ей, вполовину, ты направляешься в Капитул.;"Хм, значит вот он какой Старший Воспитатель Ордена. Буду с нетерпением ждать продолжения нашего знакомства.";День продолжается вполне себе сносно, солнце греет твои широкие плечи, а от чистоты горного воздуха немного кружится голова. То, что тебе нужно. После пасмурных и прохладных деньков, проведённых в столице. Возня с бумагами и годовыми отчётами всегда тяготила тебя. Поэтому радость от возможности поработать "в поле" заполняла тебя.;Ты было приоткрыл дверь в Капитул, как тебя тут же сбили с ног, распохнув её с другой стороны. Пролетев через приступок, ты полетел спиной прямиком на каменную дорожку. Отточенные годами рефлексы сработали быстрее, чем ты понял, что происходит. Поэтому ты успел подогнуть ноги и приземлиться на корточки.;На крыльце капитула наблюдает за тем, как ты отряхиваешься, рыцарь ордена. Её нахмуренные брови и сжатые губы свидетельствовали о том, что она сильно рассержена. Но в её глазах на мгновение промелькнуло удивление. Или тебе же просто показалось. 
Альтушка;Да плевать.
0;Ты было хотел что-то сказать, но рыцарь быстро прошагал мимо тебя.;"Кто-то явно не в духе";Ты проходишь внутрь Капитула и поднимаешься к обозначенному Воспитателем кабинету. На входе висит деревянная табличка "Архимагистр". А в коридоре, неподалёку, дежурит рыцарь, вооружённый полуторным мечом. Поравнявшись с рыцарем, ты демонстрируешь ему указ с королевской печатью. Рыцарь молча кивает, разрешая тебе пройти дальше.;Можно смело сказать, что кабинет Архимагистра куда больше твоего в столице. Большую часть занимают стеллажи с книгами учёта, доходов, различными приказами, указами и прочее прочее прочее. В правом углу кабинета расположился макет-карта с расставленными на них силами Ордена, Монархического королевства, Эльфов и Восточного королевства. А в центре за письменным столом сидела заместитель Архимагистра. ;Она быстро водит пером по пергаменту, пока читает какой-то документ. Сейчас день и ей хватает натурального освещения, пробивающего сквозь огромное круглое окошко за её спиной. ;Бесчисленные стопки документов, расставленные на столе и на полу вокруг, вызывают впечатление беспорядка. А раскрасневшиеся от недостатка сна глаза заместителя свидетельствуют о затяжном рабочем дне. ;Увидев тебя, она на секунду отрывается от документов.
Мать;Ах, Инквизитор, приветствую вас от лица всего Ордена. Я - Мать, правая рука Архимагистра. Как добрались?
1;Спасибо, довольно комфортно, знаете ли. Дорога была нудной и скучной. Если честно, мне хотелось бы приступить к работе как можно скорее.;Добрался и добрался. Одно это и главное. Не люблю попусту трепаться. Может уже перейдём к делу?;Ужасно. Просто отвратительно. Постоялые дворы юга, в коих мы останавливались, кишат мышами и тараканами. Страх берёт, понимая как тут дела обстоят плохо. А ведь земли вам сам Монарх под управление вверил.
Мать;Божий человек, так ещё и трудоголик. А вы мне начинаете нравится, Инквизитор. Ну хорошо. Я с радостью помогу вам в вашем непростом деле. Позвольте же спросить, какого рода кооперации вы ожидаете от меня?
Я;Мне нужен полный доступ к вашему архиву. Так же мне необходимо переговорить с вашим офицерским составом. С некоторыми рядовыми для полноты всей картины, если потребуется. Так же мне нужна полная свобода перемещения внутри вашей обители.
Мать;Хм. Я сейчас же распоряжусь сообщить нашему Архивариусу про легитимность вашего пребывания в библиотеках ордена. Офицеры будут осведомлены сегодня за обеденной трапезой. Так же вас разместят в нашем гостевом домике. Обычно к нам приезжает Епископ, погостить. Единственное,  вам запрещено посещать Казармы в ночное время, сами понимаете почему.
0;Вы кротко киваете, прежде чем задать вопрос.
Я;Что насчёт моих спутников?
Мать;К сожалению, людям их ранга не положено жить среди наших послушниц. Так же им дозволено посещать только Храм и гостевой домик. Они будут расквартированы на постоялом дворе в городе. Там же есть Церковь для молитв. 
0;Это немного усложняет дело. Но ничего страшного, Поручик весьма хитёр и ловок , когда дело касается ночного шпионажа. Его таланты сильно помогли при расследовании дела "Справедливой Луны".
Мать;Если на этом всё, Инквизитор, я бы хотела попросить вас оставить. Как видите, работы у меня тут на несколько Крестовых Походов.
1;На самом деле есть ещё одна вещь, интересующая меня. Перед тем как войти меня чуть не сбила с ног рыцарь с фиолетовыми волосами. Могу ли я узнать её имя?;. О, на этом всё, магистр. Но позвольте мне узнать, могу ли я поужинать сегодня в вашей компании? Уверен, у людей высокого ранга, найдётся что обсудить. Я действительно утомился после такой долгой дороги. Совместный ужин помог бы мне вернуться в колею…;Да, на этом всё, магистр. Спасибо и на этом с вами прощаюсь.
0;Правая бровь Магистра приподнимается, буквально на долю секунды. И тут же возвращается на своё привычное место. Эта женщина хорошо контролирует свои эмоции, что впрочем, неудивительно. 
Мать;Ах, это. Что ж, это моя "Ахиллесова пята". Альтушка, Инструктор по владению мечом. Видите ли, у неё непростой характер и зима ей даётся особенно тяжело. ;До крестового похода она занималась патрулированием границ. Как вы знаете, результатом последнего похода стало временное перемирие с эльфами. Поэтому на границу призвали новобранцев. А Альтушку Архимагистр вернул в монастырь. Я нахожу это решение правильным. Ведь у неё огромный талант и, будьте уверены, на всё королевство вам не отыскать лучшего фехтовальщика. ;Но Альтушка не находит решение Архимагистра правильным. И поэтому активно от них отлынивает. А я…
0;Магистр делает глубокий вздох, перед тем как продолжить. Ты видишь, как её изящные плечи вздымаются под тяжестью могучей груди.
Мать;А я пытаюсь вытрясти всю ребяческую дурь из её головы. Извините, если она как-то принизила вас, там внизу.
Я;Нет, ничего страшного. 
0;Магистр улыбается, после того как слова мягко и почти тепло слетают с твоих губ. Своими длинными и белыми, как кость, пальчиками она берёт маленький колокольчик, стоящий на краю стола. ;*Динь-динь!* раздаётся по всему кабинету. Вдруг, между стеллажами книг открывается дверь, до этого момента совсем незаметная. И в помещение заходит послушница, разодетая в серые одежды. Она делает глубокий реверанс в твою сторону, при этом её глаза не отрываются от пола ни на секунду. Так же исследуя пол, она подходит к Магистру и наклоняет свою голову ближе к своему ментору. ;Магистр что-то шепчет ей на ухо. Ты слышишь, что речь идёт о поручениях на твой счёт. Наконец, послушница смиренно кивает и быстро, но беззвучно выходит из помещения.
Мать;Вот и всё, Инквизитор. На выходе вас встретят мои послушницы и проводят вас к гостевому домику. Потом сможете пройти в Архивы. До скорой встречи!
0;Пухлые губы Магистра растягиваются в небольшую улыбку. Она складывает свои руки в Знаке Спасителя. В ответ ты так же сотворяешь похожий жест.;На выходе из Капитула тебя встречают две послушницы. Поприветствовав друг друга вы направляетесь к твоему новому жилью.;"Хм, значит между Магистром и этим инструктором определённо конфликт. Но насколько он силён? И могу ли я использовать эту "Ахиллесову пяту"? Ладно, сначала залезу в Архивы, составлю картотетку. А потом уже можно будет продумывать какую, а никакую стратегию…
0;Что ж, довольно скромная обитель. Но это и неплохо. Широкая кровать с железным каркасом и соломенной подстилкой. Небольшой письменный столик со свежей банкой чернил и пером. Рядом покоится стопка чистых пергаментов. Можно скзаать, что Магистр позаботилась о том, чтобы у тебя было все необходимое для твоего расследования.
0;На входе стоят три походных мешка с твоей одеждой, инструментами и кинжалом. Раньше ты не любил пользоваться холодным оружием, хоть и владел им на хорошем уровне. Но что-то заставило взять с собой этот, пусть и маленький, но всё же предмет самозащиты. ;Всё из-за "Праведной Луны". Это точно. Проклятые культисты чуть не закололи тебя, когда ты сунулся в их осиное гнездо безоружным.
0;Ты достаёшь из походного чемодана свою мантию. Это небольшой повод для радости - возможность сменить запылённую дорогой одежду. Хотя, конечно, на лице твоём сохраняется полная отчуждённость к происходящему. Послушники вручили тебе карту их обители. Так что можно сразу же отправляться в Библиотеку с её архивами. ;У тебя есть свой метод. Стиль, если можно так выразиться, при исполнении своих обязанностей. Поэтому перво-наперво нужно сверить все записи. Выявить исторические неточности, недочёты. Человека уличить во лжи куда легче, имея туз в рукаве. ;Для настоящего государственного переворота необходимо крупное финансирование. Орден на него способен, в этом сомнений нет. А вот способны ли Архивариусы ордена хорошо спрятать свою ересь в монетном учёте? Вот это и может стать твоим "Тузом в рукаве"…
0;Путь к Архиву тебе предстояло найти самому. Отозвав сопровождение Магистр демонстрировала полное доверие тебе. Либо же посчитала, что карты будет достаточно и направила людей на более важные задания. Архив находился в северной части крепости, совсем недалеко от тренировочных ям. ;Когда-то давно, ещё на заре становления Ордена, эти ямы выкопали первые крестоносцы для проведения грубых спаррингов. Мягкий песок, которым высыпали дно, позволял сражаться как с оружием, так и в рукопашную. Скорее всего, кто-то из первых крестоносцев до своей клятвы был гладиатором из южных земель. Там тебе доводилось видеть похожие сооружения. ;В них, на потеху толпе, пару раз в неделю гибли рабы-гладиаторы. Кровавый спорт так сильно нравился простолюдинам, что ставки на самых титулованных бойцов достигали просто неприличных сумм. Стоит ли говорить, какой политический и социальный статус имеют в этих землях Доминусы - владельцы гладиаторов. Монарху приходится считаться с их мнением и учитывать их желания. Как бы ему это и не нравилось.
0;Удивительно, что такая варварская и абсолютно богопротивная затея не изжила себя здесь.;Сейчас в ямах, судя по всему, тренируются новобранцы. Хотя тренировка слишком сильно сказано. Бедолаги поочерёдно атакуют тренировочным оружием того самого инструктора, который чуть не сбил тебя дверью. Их удары не точны, а сами они довольно неуклюжи в обращении с оружием. Некоторые из них просто путаются в ногах и беспомощно падают на песок. ;Альтушке только и остаётся, что больно укольнуть лежачих в бок остриём своего меча. 
0;Такой непрофессиональный подход к обучению слегка раздражает тебя. Может быть стоит воспользоваться моментом и "пощупать" из чего состоит лучший фехтовальщик Ордена? Её душа всё ещё гневается из-за утреннего укола, нанесённого Магистром.
1;Вмешаться.;Пройти мимо.
Альтушка;Ну, так и будете валяться на песке весь день? Откуда вы такие только и взялись. Падаете, едва удар нанесёте. Вам должны быть стыдно!
0;Подойдя ближе к ограждению ты только и слышишь, как Альтушка ругает молодняк.
1;Эй, разве так следует относится к своим подопечным? Как они могут научиться чему-то, если ты только их избиваешь?;Прошу прощение за вторжение. Но мне кажется, что вы слишком жестоки по отношению к ним. Они же ещё совсем дети.;Хорошо тебе говорить,  ветерану многих войн. Готов поспорить, что тебя инструктора по-другому воспитывали
0;Альтушка удостоила тебя злобным взглядом. На её скулах заиграли жвалы, тебе явно удалось нащупать нужную струну.
Альтушка;Тебе-то какое дело, чинуша? Разве не слышал, что не ходят со своими правилами в чужой монастырь? В их возрасте я уже во всю билась с эльфийскими бандитами на границе Государства!;Да чего я тут распинаюсь, перед церковником. Понимал бы чего в искусстве ведения битв. А вы!
0;Альтушка поворачивается назад к своим подопечным. Многие из них до сих пор так и сидят на песке, потирая ушибленные места. 
Альтушка;Быстро приняли атакующую стойку! Тренировка ещё далека от завершения!
0;Ты замечаешь, что кто-то из них смотрит на тебя с мольбой в глазах. Всё же в боевых действиях ты кое-что понимал. Но стоит ли раскрывать свои таланты сейчас?
1;Думаю будет лучше, если ты дашь отдохнуть детишкам и сразишься со мной. Просто показательный бой с кем-то, кто обладает базовыми навыками ведения боя. Что скажешь?;Я сильно возмущен вашим поведением и обязательно сообщу Магистру. Как по мне тут происходит полное нарушение воинской этики!;Молча продолжить свой путь к архиву.
0;Хоть Альтушка и стоит к тебе спиной, но ты будто спинным мозгом чувствуешь, как она улыбается. Рыбка клюнула, не хочет упускать возможность выплеснуть свою злость на новую игрушку. Вот только играть с ней будешь ты.
Альтушка;Ну что ж, чинуша. Бери оружие и выходи на ринг.
0;Новобранцы быстро покидают яму, занимая зрительские места вокруг деревянной ограды. Ты подходишь ко стенду с тренировочным оружием.
1;Взять длинный меч.;Взять парные клинки.;Взять копьё.
0;Ты немного жонглируешь мечом, привыкая к его весу в руке и удовлетворившись результатом выбора встаёшь в боевую стойку напротив Альтушки.
0;Её фиалковые глаза горят огнём ненависти, она выносит одну руку вперёд, будто бы приглашая тебя начать опасный танец. ;Ты делаешь рывок вперёд и совершаешь ложный выпад одним клинком. Она спокойно парирует его, на что ты и рассчитывал. Навершием другого клинка ты ударяешь в бок своего противника. 
0;Альтушка, теряя равновесие, делает пару шагов назад. Отовсюду слышатся восхищённые вздохи новичков. Скорее всего это первый раз, когда они видят своего инструктора получившим удар. ;Но радость их преждевременна, ведь как только Альтушка нащупала точку опоры, она тут же переходит в атаку. Удар, другой удар. Ты с лёгкостью парируешь эту атаку, двумя то клинками. Но вот она совершает ложный выпад и в конце своего замаха меняет цель, с твоего горла на твоё колено. ;Ты спешишь отразить этот удар, но в последнюю секунду она переводит кончик меча к другой твоей ноге и жалит тебя в бедро, заставляя опуститься на одно колено. ;Довольно болезненный укол дрожью проходит сквозь всю твою нервную систему. Альтушка усмехается, глядя на тебя сверху вниз. Она специально целилась тебе в нерв и это только начало твоего унижения на песке.
0;Усталость от дороги всё же сказывается и вряд ли тебе удастся вести длительный бой. Пара успешных атак - лучшее на что ты можешь надеется. Скорость, с которой она меняет вектор движения своего тела поражает. Возможно  и отдохнувшим тебе будет нечего ей возразить в этом упражнении.
1;Отбросить в сторону клинки.;Продолжить битву.;Совершить подлость.
Я;Хорошо, ты победила. Я признаю своё поражение.
0;Альтушка фыркает, она явно не довольна таким поворотом событий.
Альтушка;Мда, я надеялась на что-то большее. Теперь будь так добр и покинь тренировочный круг. Дай мне заняться делом.
0;Ты молча киваешь и покидаешь яму, уступая место новичкам. Они нехотя встают перед своим инструктором, готовясь к очередному "уроку". 
Альтушка;Встаньте на расстоянии в пару шагов друг от друга. Опустите руку с мечом, крепко держась за рукоятку. Левую ногу вперёд, немного согните в коленке. Вот так.
0;Ты постепенно удаляешься от тренировочного круга. Из этой короткой перепалки тебе удалось вынести кое-что полезное. Альтушка явно очень темпераментна. Ты это используешь в будущем. Главное, что она тебя запомнила. И то, что в данный момент она не колотит бедняжек, а ставит им удар только говорит, что тебе удалось её предрасположить к себе. Пусть ненамного, но и это результат.
0;Прихожая Архива была довольно скудной, даже по монашеским меркам. Стены и пол состояли из монолитного гранита. Прибитые с обеих сторон коридора подсвечники скудно освещали тебе путь к главному залу. ;Единственное, что удивило тебя здесь, так это запах лилий, что будто повисал над теплом исходящим от свеч.
0;Вряд ли бы нос обычного человека смог бы почуять нечто подобное. Ты знал, что человеческий организм куда более скован в своих сенсорных центрах.
0;А вот главный зал действительно заставлял ахнуть! Огромные, идущие до самого потолка стеллажи были забиты рукописями. Только и вдуматься, сколько здесь? Три? Четыре? Может быть пять метров? Каждый стеллаж делился на несколько отделений и наверху такого отделения красовалась выбитая деревянная табличка. ;Вот здесь хранились трактаты по Философии, здесь по Теологии, здесь Учения древнего мира. С другой стороны зала покоились рукописи хранившие в себя дела более насущные. Законы Монархии. Со всеми следующими поправками. Юридическое право. Устав Ордена. Летопись Ордена. Здесь было всё. Осталось найти Архивариуса.
Скромняга;Ай!
0;Послышалось тебе и тут же резкий грохот окончательно разорвал тишину главного зала. Шум доносился с северной части, за дальнем для тебя, стеллажом. Подойдя ближе, ты увидел, как перед тобой  на полу распласталась девушка с полузакрытыми глазами. ;Возможно, несколько книг упали ей прямо на голову и она потеряла сознание. В этом нельзя быть увереным, вдруг притворяется? Но ты точно уверен, что именно от неё по всему Архиву летает чудесный лиловый запах.
1;Коснуться её ладони.;Коснуться её ладони.;Потрясти за грудки.
0;Ты осторожно касаешься нежной ладони девушки, перед тем как спросить всё ли с ней впорядке. Она открывает глаза и тут же её бледные щёчки приходят в румянец. Она поспешно встаёт, поправляя своё длинное платье и большие круглые очки, с позолоченой оправой.
Скромняга;Спасибо, вам. Просто я неуклюжая была. Взяла и свалилась с этой лестницы. Сейчас уже со мной всё хорошо, не волнуйтесь!
0;По её беглой речи становится ясно, что мужчин здесь она встречает не часто. 
Скромняга;Я - Скромняга! Главный заместитель нашего Архивариуса! Да и вообще, единственный, раз уж на то пошло. Нас тут всего-то двое. Она и я, вот. А вы по какому вопросу-то?
Я;А вам разве не сообщили?
0;Скромняга изовсех сил напрягает свой лобик, но в итоге делает глубокий вздох и начинает мотать головой.
Скромняга;Нет, но если сообщить-то сегодня должны были, то не могли, я недавно пришла. А если не сегодня, то вы уж простите я стало быть забыла!
0;На последнем слове она широко улыбнулась; "И что это её так развеселило?"
1;Я прибыл по важному делу для нашей общей матери Церкви. В рамках реорганизации подчиняющихся ей структур мне повезло быть тем, кто поможет вашему Ордену внедрить инновации. Разработанные совместно с вашим Архимагистром. Зовите меня - Дознаватель.;Я - инквизитор святой Церкви. Мне нужен полный доступ к Архиву Ордена для расследования.;И как с такой рассеянностью и неукложестью попадают на такие ответственные должности. Ведь ты как будущий Архивариус должна запоминать много важной информации, позор!
Скромняга;Очень приятно познакомится! К сожалению, моя начальница немного приболела и не сможет вам помочь. Хоть оно и не удивительно. Ей уже очень много-много лет. Но я буду тут и всегда отвечу на любой ваш вопрос. Правда-правда. ;Меня уже два года готовят к должности Архивариуса! В боевых тренировках я не смогла добиться каких-либо успехов. Поэтому наш Архимагистр и послала меня сюда. Чтобы хоть кто-то смог разгрузить старушку Библиотекаршу. ;Значит настоящая "реорганизация". Вау! Мне так не терпится увидеть, как вы реорганизуете!
0;Вот опять, улыбается чему-то.
Я;Мне нужны отчётные книги Ордена за последние пять лет. Списки неофитов, искателей. Перепись подрядчиков, работающих с Орденом. Поставщиков сырья, продовольствия. Доходные книги.
Скромняга;Ух, таких скучных книг у меня тут полно. Они все вон там!
0;Своим тонким пальчиком Скромняга указывает на крайний стеллаж, расположенный у правой стены.
Скромняга;И вон там! И прямо до самого верха идите. Что там вы ещё хотели… Ах да. Доходные книги и расходные книги в другом зале. Идёмте за мной.
0;Второй зал мало чем отличается от первого. Разве что в центре него расположено чуть больше читательских столов.
Скромняга;Вот. Тут у нас всё что с золотом и деньгами связано. А как вообще такое может помочь с вашей этой "реорганизацией"?
0;Вот чёрт. Она со своими этими вопросами лезет куда не надо! Вообще, можно и пригрозить ей в официальной манере. А то общается тут себе как на базаре. Или же стоит с ней подружиться?
1;Ну, очень просто. Вот к примеру, у вас есть поставщик дров на Зиму. Но он находится от вас за много мил и из-за этого его цена за пройденный повозкой путь, удваивается или даже утраивается. Но при этом недалеко от вашей Обители есть другой точно такой же подрядчик. Но свои-то дрова он отправляет каким-нибудь Сёстрам Милосердия или Клирикам Нового дня! Ну а в масштабах нашей любимой Церкви многие вещи происходят недостаточно эффективно и рассточительно, вы же понимаете?;Рыба;Рыбёшка
Скромняга;Понимаю, понимаю. Наш Архимагистр то-то и поехала в столицу. Она уж очень давно хотела там какую-то "реформацию" устроить. Вот она бы вас поняла, с вашей этой "реорганизацией!".
1;Я начинаю думать, что вас забавляют столь серьёзные вещи.
Скромняга;Нет, что вы. Что вы!
0;Она так энергично качает своей головой, что кажется, будто она шарнирчике.
Скромняга;Просто мне это всё кажется скучным. Какое мне тут дело до всего этого. Наша Архимагистр и Верховный Дьяк придумают новое. А мне с того только работы больше. Оформляй новые стеллажи, делай новые выписки и подсчёты. Фу, скукота.
1;Но это ваша работа. Должно же быть что-нибудь в ней любимое вашему сердцу.;"Человек должен выполнять вверенные ему обязанности. Таков священный его долг перед Церквью.";Мда уж. Вот я бы точно нашёл себе занятие, будь я в твоей должности!
0;После твоих слов в её глазах забегали маленькие лиловые огоньки. Будто бы только этого вопроса она и ждала.
Скромняга;Конечно! У меня же у одной тут безграничный и нерегламентированый доступ к рыцарским романам! Могу читать их сколько угодно и когда угодно.
0;Скромняга слегка наклоняется к тебе и прикрыв ладошкой рот шепчет.
Скромняга;Главное чтоб старуха моя не узнала. А то по шее надаёт. Так что, вы уж сударь, пожалуйста, не доносите на меня. А я вам за это помогу с вашей "реорганизацией!"
0;Ты учтиво киваешь, принимая такие правила игры.
Скромняга;Ну что, с чего вы хотите начать?
1;Начнём с перепеси послушников Ордена.;С книги финансов за последние пять лет.;Список подрядчиков и субконтрактников Ордена за эту декаду.
Скромняга;Хорошо! Сейчас принесу по томику нам обоим. А вы пока усаживайтесь поудобнее за столом.
0;В двоём глядишь и вправду быстрее дело-то пойдёт. Эх, сюда бы ещё поручика. Но его задание не менее важно. Пусть вызнает, что там в городе происходит. ;Есть у него талант, среди грязи и плебеев находить нужную информацию. Если уж Орден действительно с эльфами в сговоре, то должны быть какие, а никакие слухи. 
Скромняга;От и я! Заждалися небось!
0;Две обтянутые телячьей кожей книги с золотой нитью вышитой по корке, плюхается на стол прямо перед твоим носом. 
Я;Здесь ведь все члены Ордена, начиная с его создания?
Скромняга;Агась. На каждоую мою сестру здесь выделено по одной странице. Мы начинаем вести запись в момент, когда неофит становится послушником. И на всю её земную жизнь тут есть три колонны. Послушник/Рыцарь/Офицер.;Мы записываем сюда как проступки, так и подвиги. И когда сестра умирает, на её похоронах Магистр зачитывает всё то хорошее, что было сделано усопшей. Для благодарности от оставшихся сестёр. И всё плохое, в назидание оставшимся сёстрам. ;Это оооочень древнее правило. И очень нудное. Каждый раз записывать это всё я же с ума сойду! Может вы его как раз-таки и упраздните, а, сэр Дознаватель?
1;*Вздох*, я приму твою просьбу к сведению, когда буду составлять окончательный рапорт Дьякону.;Окунь;Щука
Скромняга;Ура! Ура! Работать с вами одно удовольствие!
Я;Какого возраста самая старая сестра в Ордене?
Скромняга;Ух, ну и вопросики у вас, сэр Дознаватель. Такое у дам, вообще-то, спрашивать неприлично, но…
0;Скромняга немного наклоняется вперёд.
Скромняга;*шёпотом* Моя старуха тут самая старая, будьте в этом уверены. Ей уж давно за девяносто. Уверена, она ещё и первого Архимагистра живой помнит, хи-хи.
0;В заговоре может участвовать кто угодно, так что делать нечего. Стоит начинать практически с самого начала.
Я;Хорошо, тогда с её страницы я и начну.
Скромняга;Сэр Дознаватель, а можно вопрос?
0;Ты учтиво киваешь.
Скромняга;Так а как это вам поможет-то? Ну прочтёте вы про моих сестёр и что с того? Будете их в званиях менять чтоли? Вы тогда и меня поменяйте! Хочу быть странствующим поэтом! Ну и что, что такого нет. А вы сделайте!
Я;Ну, эм. *Кхм*. Все на самом деле просто. На основе этих данных я смогу составить примерную диаграмму того за какие качества чаще дают офицерские звания. ;Это поможет Ордену распознавать на совсем ранних этапах подходящих кандидатов в офицеры и готовить их по новой, придуманной вашей Архимагистром, программе.
Скромняга;Хм, жаль. Видимо так и буду чахнуть под присмотром своей старухи. Ну ладно. Я пойду закончу инвентаризацию, а вы, если что - кричите. Я тут же подойду!
0;Скромняга делает неглубокий реверанс и, хихикнув, уходит, оставляя тебя наедине с пыльными талмудами Ордена.
0;*НАСТУПИЛ ВЕЧЕР*
0;Сложно сказать, сколько времени минуло с момента, как ты переступил порог Архива, ведь окна в здании совершенно отсутствовали, но по догорающей свечке, чей воск уже почти что расползлся в огромную лужу, можно с уверенностью заявить, что время уже позднее и пора бы тебе лечь спать. ;Ты решаешься пролистать ещё несколько страниц с именами послушников Ордена. Знакомое имя тут же привлекает твоё внимания. Это страница Альтушки.
1;Аккуратно подрезать страничку и забрать её с собой.;Оставить всё как есть, вырванную страничку с лёгкостью заметит Скромняга. Зачем такие риски?
0;Прислушавшись к звукам Архива ты ничего не слышишь, кроме размеренного посапывания Скромняги. Ты достаёшь свой кинжал и практически у самого переплёта отрезаешь страницу. ;Она пригодится в расследовании. Можно будет отдать её поручику, чтобы он мог разузнать об Альтушке побольше за пределами Ордена.
0;Дело сделано! Можно спокойно идти отдыхать. Ты гасишь свечку и направляешься к выходу, где за стойкой администрации во всю сопит Скромняга. Подпирая рукою какую-то книгу, она, видимо, уснула и плюхнулась своей головой на предплечье. ;Её растрёпанные волосы почти полностью скрыли собой раскрытую книгу, но кое что тебе всё же удалось разглядеть:
0;"…своими нежными руками Тристран прикоснулся к лицу принцессы. Она тут же почувствовала жар, исходящий от его кожи, пахнувшей росой и жасмином. Тристран медленно опустил свою голову так, чтобы их глаза были на одном уровне. Принцесса…"
0;Хм, интересно. Конечно, любителем романов ты не был. Но где-то имя Тристран тебе попадалось. Нужно будет обязательно уточнить у своего Архивариуса. Хотя и не то, чтобы Скромняга сильно могла ускорить расследование. Слишком уж мелкий чин у неё в Ордене. Но кто знает, какие тайны хранит её сердце? Её хрупкое, невинное, чистое сердце…
0;*Конец первого дня*
0;Это должно быть солнце, что так ласково косается своими лучиками твоей кожи. И это должно быть трава, что так яростно шелестит под твоим телом. Солнце разогрело и её тоже. Одного ощущения достаточно, не нужно открывать глаза. Кажется, можно так вечно лежать у реки и нет причин куда-то спешить. Так может пройти целый день. Или неделя. И даже год… Тебе всеравно. ;Но вот, трава рядом с тобой прогибается, под чьими-то ногами. Кто-то, кто тебе знаком. И… Дорог? Пришелец из внешнего мира что-то шепчет. Но ты не можешь разобрать его слов и просишь его нагнуться поближе. Человек наклоняется и тихо произносит тебе на ухо: "Всегда…"
0;День второй 
0;И всё же воздух здесь куда более разряженный, чем в столице. В пользу этого свидетельствует непривычная для тебя энергия в теле. Тебе удалось невозможное - ты выспался. Или просто долгая дорога сказалась? ;Как бы там ни было, а наступил второй день твоего пребывания в Ордене. Нужно умыться и поспешить навстречу с подчинёнными. Узнать, что удалось им выяснить в городе за прошедшие сутки. ;Снаружи, у двери дома, кто-то оставил ведро чистой воды и махровое полотенце. Ты приветствуешь часовую, что охраняла твой сон и благодаришь её за службу. Она молча делает руками крест и возвращается назад в стойку смирно. Её сюда поставили скорее следить за тем, чтоб по ночам ты не шастал, куда не следует. Это уж точно. ;Умывшись, ты направляешься к Конюшне где просишь выдать тебе коня. Конюх, конечно, предлагает снарядить тебе карету, положенную по статусу, но ты отказываешься. Лучше совершить вылазку на легке. В неприметной одежде и на самой обычной лошади. До города всего ничего - четверть часа лёгким галопом и пришпорив коня ты отправляешься в путь.
0;И так, перед тобой трактир "Ржавая шпора". Та ещё дыра, если подумать. Даже по местным меркам. Скрытая в глубине кварталов ремесленников, идеально подходит для повседневных встреч с помощниками. ;Трактир, конечно же, предложил поручик. В свою бурную молодость он искалесил практически всю страну и знал, какие места больше подходят для тёмных делишек. Хоть с тех пор он и занимался в основном "светлыми", но всё ещё делишками. ;Зайдя внутрь, ты бегло осмотрел присутствующих. Время совсем ещё раннее, поэтому из посетителей здесь только пара зевак, сонно хлебающих свою гороховую похлёбку. ;Бармен, тучный мужчина с очень волосатыми руками, бросил на тебя тяжёлый взгляд из под своих косматых бровей. Ты кивнул ему. Он кивнул в ответ. Не произнеся и слова, хозяин заведения направился наверх по лестнице, видимо, на второй этаж. ;Ты последовал за ним. На втором этаже он сдавал комнаты Поручику и Архивариусу. Трактирщик ожидал тебя на конце лестнице и, когда ты с ним поровнялся, он указал пальцем на комнату с номером "22". После чего он тут же удалился назад к своему рабочему месту. Ты подошёл к дверце указанной комнаты.
Поручик;А вот и шеф пожаловал!
0;Архивариус при виде тебя улыбнулся и сложил крестом руки на груди. Ты сложил свои руки в ответ. Твои подопечные сидели за столом и пили сливовое пиво. Под руками у поручика были разбросаны какие-то листы, исписанные его корявым и одному ему понятным почерком. Архивариус же, напротив, выстроил небольшую башенку из книжек с права от себя и стопку чистых пергаментов вместе с пером и чернильницей слева.
Поручик;Ну давай, шеф, рассказывай. Как спалось в обители девиц? Небось успел уже кому-то под латы залезть. Ну, что у них там, под кольчугой-то?
Архивариус;Опять ты за своё…
Поручик;Ой да брось ты, мормон чёртов. То не знаешь начальника нашего. Ему только дай волю там весь Орден быстро переедет на улицу "Прекрасных дев" в столицу.
1;Напомни, почему я до сих пор тебя терплю?;Карасик;Ухбляяя карасик мой карасик
Поручик;Потому что а) Я чертовски красив б) Я чертовски полезен. Тебе-то шеф по статусу не положена в грязных понтолонах швырятся. А уж этот в обморок упадёт при первом "щекотливом" задании. Но я тебя понял, давай сразу к делу.
0;Поручик хорошенько прокашлялся и принялся что-то быстро искать в своих бумажках. Секунд тридцать он швырял из стороны в сторону свои записи, подняв нехилое облако пыли, от которого очки Архивариуса тут же потемнели и бедолаге пришлось протирать линзы.
Поручик;И так. Пока что я выхожу на контакт с местными контрабандистами и бандитами в законе. У них то уж точно Орден поперёк горла стоит. ;Но обольщаться не стоит, судя по характеристикам, преступных гениев среди них не обнаружится. Но кто знает. Есть тут один авторитет, он уже не первый десяток лет как бельмо на глазу у Ордена. И что у нас по городу…
0;Снова столп пыли и ворчание Архивариуса…
Поручик;Тут все не так просто… Видишь ли, для местных Орден чуть ли не Миссия во плоти многих сестричек в бронеливчиках. Губернатор, дворяне, крупные землевладельцы и агропромышленники - все лояльны Ордену до кончиков пальцев. Чёрт возьми, да для них Архимагистр чуть ли не Монарх, женатый на нашем Папе.
Архивариус;Сквернослов!
Поручик;Бла, бла, бла. Кароче я скумекал что к чему и можно тебя напрямую спросить, а? Шеф?
1;Валяй.;Селедка;Селедочка
Поручик;Монарх же не просто так нас сюда послал с "проверкой". Старый казанова своей тощей задницей чует, как к его булкам приближается нежная ручонка Архимагистра. Ведь так?
Я;Ну допустим и так.
Поручик;Ух, стало быть дело у нас и правда - закачаешься! Это будет похлеще тех сраных еретиков из "Праведной луны"! Авось и повышение словлю и избавлюсь, наконец, от общества этого скряги!
0;Поручик скомкал бумажку и бросил её в Архивариуса
Архивариус;Ай! Да и проваливай! Надоел ты мне, грешник проклятый. 
Поручик;Ладно, ладно. Расслабсья. Куда я от тебя денусь. С моим то прошлым повышений мне не видать. Но, шеф, кусок земли урвать будет неплохо. Для старости спокойной. Такое-то можно будет устроить?
0;Ты молча киваешь.
Поручик;Вот и славненько! В общем Орден этот - просто Оплот невинности. Каждая там чуть ли не святая Дева. Но, проболтавшись до самого утра я кое-что выяснил. ;По средам, в южном квартале проводятся нелегальные гладиаторские бои. Со ставками и человеческими жертвами, как полагается. Предприятие - полностью нелегальное и скрыто от взора закона глубоко в катакомбах в стокадах. ;И один из чемпионов этой арены - послушница Ордена! Никто не знает её имени, но каждую среду она выходит биться с желающим. Её лицо скрывает шлем с большим красным крестом на забрале. И она никогда не щадит бедолаг, рискнувших выйти против неё.
0;Поручик проводит быстро большим пальцем по прямой у кадыка.
Поручик;Это очень интересно. Ведь кодекс Ордена запрещает проливать кровь для потехи. И либо они не знают об этом, либо просто закрывают глаза.
0;"А вот это интересно. Подобный проступок будет расцениваться не меньше, чем как Акт Отступничества. Набери таких несколько и можно объявлять Ордену Анафему…"
Поручик;И это ещё не всё. По счастливой случайности, на рассвете, я наткнулся на другую послушницу. Вернее, наткнулась она на меня пьяного. После своей разведки я из последних сил полз по стенам и ступенькам назад, в эту скромную обитель. ;Как вдруг мимо меня пробежала девица и как заденет плечом! Я тут же равновесие потерял и прямо в лужу БАМ! Ну я не расстерялся и бросил камень ей в догону из лужи. Попал прямо в подол.. ;И она вдруг замерла, как статуя! И резко так вжух и ко мне подсокичла! А я абсолютно пьяный, шеф, у меня в глазах не то, что двоится, а четверится! ;И вижу, как бежит на меня этот отряд карателей. Я руками закрылся только и жду худшего. А она прямо передо мною встала, достаёт свой меч и как полоснёт меня!
0;Поручик засучил рукав и продемонстрировал тебе неглубокую, но длинную царапину. Рыцарь явно не хотел убивать твоего подичнённого, а только лишь поставить на место.
Поручик;Думал всё - убили меня. Так и найдут утром, в лужи крови на бульваре. Но нет, как зрение в норму пришло понял, что пострадала максимум моя гордость. А её, видит Бог, и так самая малость. ;Ну и короче обидчица моя пропала, пока я в себя проходил. Уверен, это тоже из Ордена стерва. Обычные гражданки с мечом в пять утра не шляются где попало и честных граждан не режут! На этом всё, шеф.
Я;Хм, значит как минимум два рыцаря занимаются самодеятельностью за пределами своей обители. Это уже что-то. И вот.
0;Из дорожной сумки ты достаёшь список с именами офицеров и их личной информации, переписанный из Архива. 
Я;Попытайтесь узнать как можно больше информации конкретно по этим рыцарям. Верхушка айсберга Ордена. Завтра я предоставлю вам полный список подрядчиков Ордена и его бенефициаров.И ещё.
0;Ты достаёшь вырванную страницу с информацией об Альтушке.
Я;Особое внимание уделите ей. Чутьё подсказывает, что она вкурсе всех тайн Ордена.
Поручик;Ой, шеф, так и скажи, что под юбку к ней залезть хочешь. Тут все свои.
Архивариус;Да как у тебя только рот открывается!
Поручик;Тише тише, коллега. Ну а что шеф, не прав я чтоли? Я же знаю твои методы. Очаруете прекрасную пташку и бац! Она уже в клетке. ;Уважаю тебя за это, шеф. И, наверное, поэтому с тобой и работаю. Остальные святоши как этот - скучные задроты. А ты ради дела не боишься и тело заморать и душу! А?
1;Может ты и прав, поручик. Но давай не будем тратить драгоценное время.;Тебя в рот выебет;Мертвый сом
Поручик;Как скажешь, шеф. Времени и правда - кот наплакал. Надо нам как можно скорее Монарха нашего умаслить результатами хорошими.
Я;Именно так. Поэтому на сегодня всё. Я назад, в обитель. Увидимся завтра утром!
Поручик;Бывай, шеф
Архивариус;Прощайте, наставник!
0;Набросив себе на голову капюшон, ты вышел из таверны. Чтобы не привлекать лишнее внимание, ты решил пройти пару кварталов, взяв лошадь под узду. А там уже можно будет оседлать коня и вернуться в обитель Ордена.
0;Город жил своей жизнью и по его улица рекой текли люди. Здесь люди разных профессий соседствовали друг с другом. Вот сапожник во всю мастерит каблук красному высокому сапогу, а совсем недалеко от него кузнец своей могучей рукой правит раскалённую подкову. ;Многие из этих мастеров тут же и продавали свой готовый продукт. А кто-то  не боялся и приторговывал контробандой из под навесов своих прилавков. Ты миновал квартал ремесленников и вышел к центральному кварталу. ;Тут уже совсем другой антураж. У каменных стен базара колеки просят свою милостыню, пока рядом зазывала приглашает мужчин отдохнуть в лучшем заведении, по простому говоря - в борделе.
0;"В столь ранний час? Неужели это работает?"
0;Ты было хотел уже сесть на лошадь, как в поле зрения угодил серый балохон, с красным крестом на груди. В десяти метрах от тебя стояла Умняка и что-то объясняла купцу. ;Она трясла перед его лицом каким-то пергаментом и активно жестикулировала, на восточный манер. Ты решил немного подождать, спрятавшись за своей лошадью. ;Умняка и купец пожали друг другу руки. Она широко улыбнулась ему и протянула небольшой кожаный мешочек, как пить дать, полный золотых монет. Немного отойдя в сторону, Умняка свистнула и с другой стороны улицы показались три неофита Ордена. В четвером они направились в твою сторону. ;Когда Умняка почти поравнялась с твоим конём, ты, как бы случайно, задом вперёд вышел и ударился об неё.
Умняка;Эй, аккуратнее уважаемый гражданин! Смотрите куда идёте!
Я;Добрый день, Умняка. И простите мне мою неуклюжесть. Вечно летаю себе в своих мыслях.
Умняка;А. Вы, Инквизитор. Здравствуйте. Какими судьбами в городе?
1;Нужно было повидать своих подчинённых. Есть кое-какие указания, требующие срочного исполнения. Ну и просто проведать, как принял их город. Всё ли в достатке у верных служителей Церкви.;Нерка;Это красная рыба такая
Умняка;Вот оно как. Ну что ж. Заботитесь о тех кто ниже вас рангом - похвально.
Я;А вы, я смотрю, каждый день в город выходите?
Умняка;Ну почти что да. У нас тренировки на полигоне за городом. А конюшни и склады - всё тут. Плюс я отвечаю за страждущих. Сегодня вот раздавали хлеб обездоленным.
0;"Интересно, много хлеба можно раздать без повозки или хотябы корзинок?" Руки неофитов были пусты и скромно покоились у них на подолах мантии.
Я;Благодеяния это хорошо. Ну что ж, не смею вас задерживать.
0;Ты складываешь руки крестом на груди. Умняка и неофиты молча отвечают тебе тем же. Дождавшись, пока рыцарь и её спутницы исчезнут за поворотом, ты проходишь вперёд к таинственному купцу. ;Он ушёл куда-то вглубь своей лавки, но тебе всё ещё слышно, как он ругает своего помощника. Ты не ошибся, это язык Восточной империи. Который, к сожалению, тебе не знаком. Но его хорошо знает Архивариус. Так что нужно будет придумать, как лучше подослать его к купцу. А теперь назад, в Обитель Ордена.
0;*Обитель ордена, около полудня*
0;В Архиве тебя дожидается Скромняка, в компании с пыльными стеллажами книг. Нужно обязательно за сегодня закончить с основными бумагами и передать всю информацию Архивариусу с Поручиком. А самому можно будет выйти "в поле". Посмотреть на те же гладиаторские бои в ямах.
Альтушка;Эй, инквизитор!
0;Кстати о ямах…
Альтушка;Как насчёт спарринга? Или ты успел набить себе брюхо на обеде? Держу пари, ешь ты не местную постную кашу, а? В город ускакал за яйцом прошутто и мидиями?
0;Главный вехтовальщик ордена слегка покачивался, да и фиалковые глаза собираются в кучку к носику. Видимо, она-то как раз успела набить себе брюхо. Вином.
Альтушка;Ну, че молчишь? Драться будем?
1;Может тебе сначала проспаться?;Ну давай, нападай.;Прошу прощения, но у меня есть неотложные дела.
Альтушка;А может и без может? Я тебя и так уделаю. Ну давай, Инквизитор. Я со скуки тут совсем подыхаю. 
Я;Ладно. Что уж там, пошли.
Альтушка;Замечательно! Но биться будем настоящими мечами. До третьей крови!
0;"И зачем только согласился? Она же как греческий огонь. Как бы чего плохого не случилось…";Вы подошли к тренировочной площадке и Альтушка бросила тебе под ноги полуторный меч. Ты взял его за рукоятку и примерил его вес, перекинув из одной руки в другую. 
Альтушка;Я начну.
0;Твой опонент выставил вперёд левую ногу и оттолкнулся от песка правой. Мгновение и лезвие её меча уже у тебя перед глазами. В последнюю секунду ты успеваешь выставить защиту. Лезвия ваших мечей выбивают искры в разные стороны. ;Альтушке требуется всего один вдох-выдох для осуществления следующей атаки и опять, ты успеваешь в последний момент выставить свой меч на её пути. Но и тут она не даёт тебе передохнуть и продолжает и продолжает свою серию атак. И это в полусознательном состоянии! ;Выпад, удар, выпад, удар, удар и бац! Ткань мантии на твоём правом плече расходится и на светлой коже проступает небольшая алая ранка.
Альтушка;Один - ноль. Твой ход.
0;Альтушка несомненно пробуждала внутри тебя какие-то чувства. Хаос, что таился внутри её души манил тебя. Хотя это всё ещё может быть просто адреналин.
1;Драться по-настоящему.;Поддаться
0;Сейчас вокруг Альтушки нет плеяды из учеников. Поэтому шутки в сторону, пора показать чему учат лучшие фехтовальщики при Дворе Его Величества.;Перехватив меч двумя руками, ты совершаешь сильный взмах над головой, который Альтушка парирует своим мечом и тут же бросается тебе под ноги и скользит прямо под тобой. Ай! Что-то больно кольнуло тебя по внутренней стороне бедра.
Альтушка;Эй, инквизитор, у тебя штаны намокли.
0;Подол мантии и правда немного разъехался красным пятном на правой ноге.
Альтушка;Два-ноль.
0;Ну вот и всё, теперь пора её действительно проучить! Ты наносишь серию ударов, атакуя то слева, то справа и сверху. ;Этому приёму тебя научил старый вояка, главный Квартирмейстер Монарха. Как только противник приноровится к темпу твоих атак следует сделать два ложных выпада и на третий уже бить во всю силу. ;И вот! Ты косаешься кончиком лезвия разгорячённой от алкоголя правой щеки Альтушки. Небольшая алая капелька расползается по лезвию твоего меча.
Альтушка;(улыбается) Неплохо, неплохо. 
0;Она отходит к ограждению, где на заборе висит её походная сумка. Что это она там достаёт? Бутылку вина? Разве им можно пить вот так посреди дня в Обители? Кажется, она высушила почти всю бутылку за один заход! Вытрев рукавом балахона губы, Альтушка встала в классическую защитную позу.
Альтушка;А ну, давай ещё!
0;Что ж, она сама напросилась. Ты отталкиваешься и уже заносишь меч для ложного выпада справа, как вдруг Альтушка теряет сознание и, выронив меч из рук, мягко осядает на песок. Присев рядом с ней, ты слышишь, как она сладко посапывает в своих пьяных грёзах. ;Ну и ну. Надо с ней что-то сделать. Но что? Отнести в казармы? Но тебе же нельзя их посещать. Как назло ещё и вокруг никого из послушников нет. Все на послеобеденной службе!
1;Отнести Альтушку к себе в гостевой дом.;Отнести Альтушку в Архив.;Оставить её лежать на песке.
0;"Лишь бы никто не увидел!"
0;Альтушка будто бы весила совсем ничего. И откуда только у неё столько сил в бою берётся?;Фух, кажется, пронесло. Пусть она пока отдохнет, а как придёт в себя так сама и смоется во свояси. Ну и ну. Теперь то уж точно можно вернуться в Архив.
0;*Архив*
0;Скромняга не заметила, как ты вошёл. Опять слишком увлечена чтением романа.
Я;Кхм. Добрый день, Скромняга
Скромняга;А-а, господин Инквизитор, рада вас видеть! Интересующие вас книги остались на столе, за которым вы вчера сидели. Я их специально не убирала, но рассчитывала, что вы придёте утром.
Я;У меня были неотложные дела в городе. Поэтому пришёл, как только смог.
Скромняга;Ну, если я вам понадоблюсь - зовите!
0;Ты улыбнулся Скромняге и прошёл вперёд, в читальный зал.;"И так, на чём же я остановился?"
1;Список контрактников и субподрядчиков Ордена.;Книга финансов Ордена за последние пять лет.
0;Тот восточный купец, интересно, есть ли о нём хоть какие-то записи?;Ты внимательно пролистываешь самые свежие страницы тома, но в нём нет никаких имён хотя-бы отдалёно имеющие восточные корни. На самом деле всё тут довольно пресно. Дата, когда заключена сделка; дата окончания договора; имя подрядчика; предмет договора; размер денежных выплат и их периодичность. Вот и всё.
0;(возможно тут будет лист с примером контрактов)(нихуя ты придумал, умник)
0;Ничего криминального Орден сюда не вписывал. Поставки зерна, дерева, рыбы. Железной руды, руды медной. Судя по контрактам на сырьё, никаких сверх покупок Орден не производил. Обязуемого по контракту железа хватит чтобы снабдить текущий состав Ордена одним комплектом брони и оружия. ;Как-то маловато для затяжной войны против Монарха… И никаких тебе заказов на осадные орудия. Досадно…
1;Продолжить изучать Договорную книгу.;Перейти к книге Финансов Ордена.
0;Ты продолжаешь листать страницы. Надежды, конечно, немного, но следует проверить все активные и ещё не закрытые контракты. Может что-то да подвернётся. И вот, на пятнадцатой странице, твоё внимание привлекает сомнительная цифра. ;Не то, чтобы она была уж прям совсем странной. Но кто, чёрт возьми, заказывает пятьсот киллограмм кукурузной муки? Контракт, правда, уже как пять месяцев исполнен. Следует выписать всю информацию по нему для Архивариуса. 
0;Так, погодите, а это что? По пять золотых за фунт хлопка? Если подумать, то никто из встреченных на пути послушников не носил хлопковых одежд. Их мантии сшиты из какого-то грубого сукна, не более… Ладно, над этим Архивариус пусть тоже поработает.
0;Эти две странные записи пробудили в тебе интерес пролистать книгу целиком, но, увы, больше ничего интересного в ней не обнаружилось.;Что ж, пора переходить к книге Финансов.
0;Как мило со стороны Ордена вести ежемесячный, ежеквартальный и ежегодный финансовые отчёты. По этим записям всё подбивалось чин-чин. Смущает разве только графа "пожертвования". Потому что источник этого дохода отследить никак не получится. Как ни крути, а они анонимные. Да и цифры, не сказать, что огромные выходили отсюда. ;С другой стороны, по завершению Крестового похода, казна Ордена явно пополнялась от субсидий Дворца. И уже после таких выплат и планировался бюджет. Который, к твоему удивлению, всегда укладывался в ежегодные расходы. ;При Дворе финансисты только и мечтать могут о таком. У них-то всё время проблемы то с вечеринками Монарха, то с беднеющими вельможами. Бедняги дни и ночи напролёт мастерят новые налоги, да так, чтобы не рассердить обычных мирян. Да, благородным господам стоило бы поучиться сдержанности в своих желаниях у этих послушниц. Их пока можно уличить разве что в любви к кукурузному хлебу.
0;Ну вот и всё. С теорией покончено и результатом ты абсолютно не доволен. Нужно отталкиваться от самого плохого сценария, в котором Орден и правда погряз в Ереси. Тогда у них точно должна быть "теневая" бухгалтерия. О которой Скромняга может быть и не вкурсе. А может быть и вкурсе… ;Нужно будет обязательно завтра спросить у Архивариуса за этого Тристрана. И можно начинать раскручивать эту ниточку.
0;Когда ты уходил из Архива Скромняга уже во всю спала на своём рабочем месте, прямо над книгой про Тристрана.;Будить её ты, конечно, не стал.;"Интересно, Альтушка уже пришла в себя? Будет неловко будить её вот так и просить уйти из гостевого домика."
0;Но нет, можно вздохнуть с облегчением. Главный фехтовальщик Ордена проспался и испарился из твоей обители. ;Ты быстренько умылся из ведра, что стоит на улице, разделся и приготовился ко сну.;"Как обычно в подобных расследованиях и бывает - начало довольно умеренное. Но скоро, совсем скоро, сон по ночам станет привелегией.";Засыпая, тебе показалось, будто бы частичка тебя всё же надеялась увидеть здесь Альтушку. И, может быть, чтобы она осталась?
0;*Сон третий*
0;Что-то не так с колосьями пшеницы на этом поле. Своими початками они достают тебе до самого лба и нужно постоянно раздвигать их свободной рукой. Другую твою руку кто-то крепко сжимает. Ты чувствуешь тепло близкого тебе человека. Справа нависает оттенённый солнцем женский силуэт. Нет, с пшеницей всё впорядке. Это просто ты уменьшился. Точнее будет сказать - вернулся в детство.;Но куда ведёт тебя эта женщина? Солнце в самом зените и поэтому рассмотреть спутницу у тебя не получается. Ты закрываешься от солнечного света левой ладонью. Так, чтобы сквозь пальцы можно было увидеть затылок с длинными, падающими до самых щиколоток, волосами.
0;"Мама?" ты зовёшь женщину и она немного поворачивается к тебе. Сквозь пальцы тебе мало что получается рассмотреть, но одно ты видишь точно. Её губы растянуты в улыбке.
*День третий. Таверна*
Поручик;Паршиво выглядишь, босс. Мне всё же кажется, что ты там во всю по ночам с монашками кувыркаешься. Или же просто кошмары мучают?
Я;Всеголишь грёзы, не более. Ну, что у нас на повестке?
0;Поручик плавным жестом руки предлагает начать Архивариусу.
Архивариус;Я запросил информацию у наших союзников по поводу этих офицеров.
0;Он протягивает на стол пергамент с Матерью, Умнякой и Альтушкой.
Архивариус;Дело в том, что конкретно они - благородных кровей. И, к моему удивлению, кое кто из них присоединился к Ордену добровольно. Умняка. Она - старшая дочь Сэра Гавейна Сильверкнехта.
Поручик;Вот оно как. Будь у меня отец владельцем крупнейшего торгового флота Монархии, я бы вокруг себя построил Дворец разврата. А она ушла в Обитель воздержания, мда уж.
0;Архивариус недовольно закашлил в свой маленький кулачок.
Архивариус;Попрошу не перебивать, коллега.
Поручик;Молчу, молчу.
АРХИВАРИУС;И так, на чём это я? Ах, да. Умняка по неоглашённой причине предпочла наследству своего отца Орден. У Сэра Сильверкнехта казночеем работает мой старый друг. Мы знакомы с парты церковно-приходской школы. Поэтому я написал ему письмо и жду ответа.
ПОРУЧИК;Я в свою очередь весь вчерашний день бродил по купеческому, ремесленническому и знатному кварталу. И знаешь, шеф, везде мне попадалась эта Умняка. Она ещё всюду таскает трёх прелестных юных созданий, но для каких целей мне пока не понятно. ;Среди купцов я видел, как они о чём-то договариваются. И я был уже готов решить, что она просто, не знаю, главная по снабжению в этом шапито или ещё кто-то такого рода. Но, чёрт меня побери, шеф, если я не знаю, как гремит туго набитый золотом кожаный мешок. И купцы какие-то странные. Один торгует восточными коврами. Ты вот видел ковры у них в Обители?
Я;Нет, не видел. Но кажется понимаю о каком купце ты говоришь.
ПОРУЧИК;Вот то-то и оно, шеф. В ремесленническом квартале эта особа посетила плотника, что мастерит тележки и кореты. Ну и у знати она забежала в аукционный дом "Голдштейн и наследники". Ну, может она по старой памяти пристрастилась к коллекционированию антиквариата. Откуда мне знать? Но чуйка мне подсказывает, шеф, что-то она воду мутит.
Я;А по остальным что? 
АРХИВАРИУС;Сейчас. Так, посмотрим… Ага. Мать. Второй ребенок графа Робенсона, владеющего северными землями в провинции Норсгейт. Первенец у него мужского пола. Она написала официальное заявление, что, далее цитирую:;"Не могу жить в излишествах, пока наши люди гибнут на этой затяжной войне с Эльфами."
ПОРУЧИК;Не может жить в излишествах. Тьфу. Придурь богатеев.
АРХИВАРИУС;Коллега, просил же! Сэр, в общем, было это давно. Так или не так сказать сложно. Но жизнь у неё должна была быть шикарной. По наследству она была бы на пожизненном попечительстве у своего старшего брата. Но она решила по-другому.
Поручик;Хе-хе. Сбежала в этот глупый Орден. А всеравно, осталась на втором месте по списку. Наверное, спит и видит, как станет Архимагистром.
Я;А что там по Альтушке?
АРХИВАРИУС;У этой бедняжки всё не так хорошо было, как у предыдущих двух. Её отец Сэр Берлингтон и ему принадлежит половина плантаций по выращиванию хлопка. ;Дело в том, что сэр Берлингтон очень хотел сына. Но женщины рождали от него только девочек. Одному Богу известно, сколько денег он внёс в Королевскую казну, чтобы три его брака признали недействительными.
Поручик;Вот тебе и папашка. Родилась без хозяйства в штанах - долой на свалку.
Архивариус;Альтушка - третья его дочь.
Поручик;Просто интересуюсь, коллега, а сколько всего?
Архивариус;Судя по записям, доступным в городской ратуше, на пятый брак у него всё же родился наследник.
Поручик;Целеустремлённый малый, молодец! (хлопает в ладоши).
0;"Значит, бастард… Это многое объясняет."
1;Судя по всему, она часто отлучается за пределы монастыря. Поручик, прошу, проследи сегодня вечером за теми, кто покинет Обитель.;Архивариус, тебе знакомо имя "Тристран"? Это должен быть герой какого-то популярного романа;Я видел, как Умняка расплачивалась с тем восточным купцом. Думаю, Поручик, пора тебе его навестить. Сделай, как обычно, ночью тихо и без шума. Вскрой его эту лавку да поройся как следует, авось чего и найдёшь.
Поручик;Как скажешь, шеф. Буду держать нос по ветру.
Я;И вот.
0;Ты протягиваешь листок с информацией о подозрительных контрактах Ордена.
Я;Архивариус, посмотри информацию об этих торговцах и ремесленниках. Что-то цифры мне эти уж совсем не нравятся.
Архивариус;Будет сделано, сэр!
Я;Ну, на этом наша встреча окончена. До завтра!
0;*Обитель ордена. Около полудня.*161 диалог
0;Раз уж с бумажной волокитой пока что покончено не пора ли осмотреть оставшиеся здания внутри Монастыря?
1;Отправиться в Храм.;Отправиться в Казармы.;Отправиться в Капитул;Отправиться в Архивы, поболтать со Скромнягой.
0;Сложенный из тесённого камня, внутри Храм так же блистал изысками и красками. Всё же философия Ордена в их повсеместном воздержании от мирских благ для тебя была в диковинку. Твой глаз, слишком привыкший к роскоши столичных церквей и соборов, начал зудеть, будто в него попала пылинка. ;Епископы, заведающие храмами во всю соревновались в хитростях и поборах населения, лишь бы купить какой-нибудь новый позолоченный торшер. Или оплатить очередного модного художника, для создания нового витража. ;Пока тут, уже который век, воины-монашки продолжали себе молиться, стоя коленями на холодном граните. Слушая, как Библиарий читает Литания-молитву. Диво, да и только.
0;Ты как раз подоспел к окончанию обеденной молитвы. Послушницы, не отрывая взгляда от пола, покидали Храм. Среди живого потока из серых капюшонов, ты приметил Мать, что смиренно шла за своими сёстрами. Вы молча кивнули друг другу. Отвлекать её сейчас нет смысла, пока что Магистр ордена тебе не нужен. ;Через несколько голов ты поймал на себе взгляд Скромняги. Она широко улыбнулась тебе и сложила на груди руки крестом. Ты подарил ей небольшую улыбку в ответ и ответил церковным приветствием.
0;Пропустив всех послушниц, ты спокойно прошёл дальше, к кафедре. За которой стояла Библиарий и ещё несколько сестёр. Придёться немного подождать, пока Библиарий ответит на терзающие души послушниц вопросы. Таков закон. И даже Верховный Инквизитор не вправе его нарушать.
0;Пока Библиарий занят, можно осмотреть само помещение повнимательней. Помимо скромного убранства отметить то и нечего. Грубо сколоченные из тёмного дерева скамьи. Кафедра из того же материала. Лишь за кафедрой величественно возвышается огромный витраж с изображением Святой Аделины, первого Архимагистра Ордена. ;За её спиною вздымаются два белоснежных крыла, в руках она держит короткий меч и щит, с выбитой на нём эмблемой ордена. Витраж сконтруирован так, чтобы в дневное время,вокруг головы Аделины образовывался ореол жёлтого света. Именно в полуденное время свет самый яркий. ;Первый Архимагистр, со своей четырех метровой высоты, смотрит куда-то вниз, глаза её полны решимости и скорби одновременно. Аделина вела Орден в его первый Крестовый поход. И в нём же погибла, защищая своих сестёр, пока те отступали в результате поражения при Сьёльне.
Библиарий;Приветствую вас в святом обители Ордена, Инквизитор (складывает руки в приветственном жесте).
0;Шлем-маска, отлитая по образу лица Аделины в такой момент придаёт Библиарию по-особому величественный вид.
1;Ответить тем же.;(развести руками) Неужели Орден настолько беден, что не может себе позволить нормально обустроить Храм?
Библиарий;Пришли исповедоваться?
1;Скорее поговорить. Насчёт ваших прихожан.;Боюсь мои грехи тяготит пометка "Государственная тайна", если понимаете меня.;Ну а почему бы и нет? Не исповедовался уже несколько недель.
Библиарий;Вы же знаете, что я не могу разглашать личную информацию. "Свято есть тайна исповеданья".
Я;Нет, это не личное. Вы, как офицер, уже вкурсе зачем я прибыл в Орден. Для подробной статистики мне необходимо знать одну вещь, а именно - как часто Офицеры посещают службу и исповедываются?
Библиарий;И чем же такая информация может быть полезна?
Я;Офицеры, постоянно занятые различными важными поручениями, возможно, вынуждены их прерывать, ради возвращения в Храм. Для повышения эффективности офицера и его продуктивности было бы целесообразней позволить им молиться там, где они находятся в данный момент. К тому же, я наблюдал за вашей службой. И не увидел пары знакомых лиц...
Библиарий;В ваших словах есть мудрость, присущая хорошему управленцу. Действительно, не все офицеры посещают службу с усердием наших неофитов. Как и в исповедальню, не всегда заглядывают… Поэтому наш Архимагистр и позволил издать указ внутри Ордена, позволяющий молиться офицерам в мирное время вне храма Ордена.
0;"Интересно, значит Архимагистр во всю новаторствует, а в Церковь об этом не сообщает…"
Я;Спасибо, за информацию. Я обязательно внесу этот пункт в свой доклад. Глядишь, Церковь тоже захочет пойти по пути Ордена.
Библиарий;Точно не хотите исповедаться?
Я;Нет. Как минимум, не сегодня. Дела, знаете ли.
Библиарий;Тогда попрошу вас оставить меня, скоро придут сёстры для подготовки Храма к вечерней молитвы.
0;Библиарий прощается с тобой и поворачивается к кафедре, где раскрыт увесистый талмуд Заповедей. Она принимается листать книгу, видимо, хочет повторить нужный текст для вечерней службы.
0;"Интересно, а Альтушка вообще сюда заходит? Что-то не видно её было на тренировочном круге. Может, в казармах?"
0;*Казармы*
0;Здесь, с самого порога тебя оглушает бесчисленное множество голосов. Двухэтажное здание, с виду не внушающее больших размеров, внутри оказывается вытянутым, в длину всей Обители. На первом этаже тебя встречает дежурная послушница и коротко кивает тебе.
Альтушка;Эй, чего припёрся?
0;Слышится сзади знакомый тебе голос. Ты оборачиваешься и видишь, как в коридоре стоит Альтушка. Скрестив руки на животе, она будто прожигает тебя, глядя исподлобья своими фиалковыми глазами.
Альтушка;Ну, пришёл смотреть как девки живут? В спальни тебе вход воспрещён, понял?
0;Будь это кто-то другой, ты бы уже не выдержал. Но пока Альтушка вот так пытается показать характер, в голове у тебя всплывает только её образ, сладко посапывающая в кровати, со слегка вздёрнутым подолом мантии.
1;Всё совсем не так. На самом деле, я искал тебя.
0;Она явно не ожидала такого ответа и даже немного расслабила свои плечи.
Альтушка;Чего? Меня?
Я;Да. Нужно кое-что обсудить. Мы можем прогуляться?
0;Злость в её глазах сменилась недоверием. Да и кто ты для неё такой? Заезжий инспектор, роющийся в грязном белье, не более.
Альтушка;Ага. Ну, пошли, раз так.
0;Вы покинули казармы, а ты так и не осмотрел их толком. Может быть, в следующий раз получится.
Альтушка;Ну, чего от меня хотел-то?
0;Эта поза, со скрещенными руками и взгляд исподлобья… Хотя, за все три дня здесь ты и не видел её в другом расположении духа. Нужно найти к ней подход. 
0;Если подумать, только на тренировочном круге её злоба испарялась. В конце славной битвы она даже в каком-то смысла была довольна и удовлетворена. У неё, безусловно, сложный характер. Но, возможно, просто следует поговорить на тематику её любимых вещей?
1;Я знаю, что ты долгое время возглавляла пограничный отряд Ордена. Можешь рассказать, каково это быть постоянно в боевой готовности?
0;На лице Альтушки заиграли жвалы. Кажется, дело совсем плохо. Ты пробудил настоящий спящий вулкан и он вот-вот взорвётся.
Альтушка;Я так и знала!
0;Альтушка больно ткнула тебя указательным пальцем в грудь.
Альтушка;Что ты проклятый пособник Архимагистра! Собираешься вместе с ней распустить пограничный отряд! А мне значит вечно прозябать с этими лохудрами в ямах!
Я;Нет, всё совсем не так! С чего ты взяла?
Альтушка;А с того, что я не дура! Эльфов на границе всё меньше, ведь они во всю переселяются в глубь своих земель. Поэтому их армия оставила партизанскую войну и сменила её на постоянное патрулирование регулярными войсками. Да и в целом, все устали от этой войны. ;Я знаю, что Архимагистр будет настаивать в ходе реорганизации Ордена о его упразднении. Большая часть моих сестёр будет интегрирована в органы управления. Другая станет обычными монашками. Эра Ордена подходит к концу.
0;Она отвернулась от тебя и сильно сжала свои кулачки. Ты уверен в том, что она едва ли способна вот так заплакать. Но горечь, с которой она произносит эти слова, сродни той, с которой произносят погребальную речь на похоронах близких.
1;Положить руку на плечо, чтобы утешить Альтушку.;Рыбулька;Ничего не делать.
0;При твоём прикосновении, Альтушка слегка вздрагивает своим плечиком. Секунду, не более, она позволяет твоей руке упокоится на ней. И после этого резко отбрасывает её назад.
Альтушка;Эй ты, послушай меня! Мне твоё сострадание ни к чему, понял! Вы все - идиоты, раз думаете, что эльфы вот так просто прекратят войну! Они копят силы, потому что я и мои сёстры там хорошенько дали им по хребту! Старые остроухие ксеносы просто пытаются вас всех облапошить, пока вспоминают, как размножаться!
0;"С чего она решила, что война заканчивается? Разубеждать её в обратном не стоит. Ведь взамен нужно предложить убедительную ложь, которой у меня нет."
1;Уверяю тебя, никто не собирается расформировывать пограничный отряд.;По официальным данным последний Крестовый Поход оказался неудачным, разве нет?;Ты красива, когда так злишься.
Альтушка;Это потому что твой любимый Монарх не прислал нам обещанное покдрепление и осадные орудия. А вот королева эльфов прислала своих конных лучников на помощь Эльсхейму. Нам пришлось снимать осаду и позорно отступать! Знаешь сколько сестёр я потеряла в тот день?
Я;Да… Я читал отчёт Архимагистра.
Альтушка;А знаешь что? Плевать я хотела. Уйду в наёмники.
0;Развернувшись, она тут же направилась в сторону конюшни, ставя точку в вашем диалоге.;"Вот и поговорили…"
Послушница1;Сэр Инквизитор?
0;Появившись из ниоткуда, тебя позвала совсем крохотная послушница. Та же самая, которой Мать отдавала поручения насчёт тебя в первый день приезда.
Я;Да?
Послушница1;Вас зовёт к себе Магистр.
0;"Значит за мной наблюдали… Интересно, только сейчас или это происходит на постоянной основе?";Обернувшись лицом к Капитулу, ты попытался найти Окно, что видел в кабинете Магистра. Но оно было прикрыто тканью.
Я;Хорошо, идёмте.
0;*Кабинет Магистра, вечер*
Мать;А, Инквизитор! Прошу присаживайтесь.
Я;Значит вы за мной следите?;Мне передали что вы хотите меня видеть.;Мать! Приятно вас видеть!
0;Поправив очки на переносице, Мать слега усмехнулась.
Мать;Стараюсь держать всё под контролем. Уж такова моя роль в этом сложном спектакле под названием "Орден".
0;Прежде чем продолжить, Мать поправила своим длинным указательным пальцем очки.
Мать;Как вижу, вы подружились с Альтушкой?
Я;Это громко сказано. Скорее из-за обстоятельств, я чаще встречаюсь с ней, чем с другими офицерами.
Мать;И что же она вам рассказывает?
Я;Сказать как есть.;Соврать.;Уйти от ответа.
Я;Она боится, что Архимагистр и Церковь распустят пограничный отряд. И вообще, что Орден сильно "упразднят" в ходе реорганизации.
Мать;Вот как…
0;Мать встаёт из-за стола и направляется к двери. Повернув щеколду, она возвращается назад. Из нижнего ящика она достает сначала бутылку вина, потом два бокала.
Мать;Видите, Инквизитор…
0;Наливая вино, произносит она.
Мать;Не все из нас довольны результатами последнего Крестового похода. По прибытию из него Архимагистр стала вести себя странно. А ведь мы с ней были очень близки… Очень близки.
0;Мать пододвинула к тебе стакан и чокнувшись, вы сделали пару глотков.;"Хорошее вино."
Мать;А теперь она перестала делиться со мной своими идеями. Отстранила меня на расстояние, так называемое "деловые" отношения. Я теперь просто подписываю её указы, слежу за их выполнением. Мне это не нравится, скажу вам честно. 
0;Сделав три больших глотка, она осушает свой бокал.
Мать;Так ответьте же правдой на мою честность. Вы действительно здесь для расформировывания Ордена? 
1;Сказать правду.;Сказать ложь.;Уйти от ответа.
Я;Да, последние Крестовые походы не принесли обещанных результатов. Да, было много потеряно государственных средств, выделенных на эту войну. Но не стоит преуменьшать другие заслуги Ордена. Конечно, вы, как управляющие местными территориями добились колосальных результатов. ;Упала преступность, выросла урожайность, увеличилось ремесленное производство. Но нет, не бойтесь. Никто вас встраивать в органы управления не собирается. И эльфийскую угрозу на границах никто со счетов не списывает. Но кое-какие изменения Орден всё же ожидают.
Мать;Вот как, спасибо.
0;Она наливает ещё одну порцию вина и в этот раз Мать лишь слегка пригубила свой бокал.
Мать;Я всё ещё уверена, что Церковь потребует масштабных сокращений в Ордене. Я прекрасно вижу цифры. Ещё чуть-чуть и мы по масштабам превратимся в регулярную армию. А это другие расходы и настоящее соперничество с Церковью во власти. И с Альтушкой вы поосторожней, Инквизитор. У неё дурной характер и бешеная кровь, доставшая ей от отца.
1;Приму во внимание.;Спасибо за совет и вино.;Спасибо 
Мать;Спасибо за то, что немного развеяли мои сомнения, Инквизитор. Я попрошу вас впредь не устраивать "сцен" во дворе. Всё же вокруг так и снуют неофиты. Мне лишние сплетни дома не нужны.
Я;Обещаю, Магистр, такого больше не повторится.
0;Откланявшись, ты покидаешь кабинет Магистра.
0;"Значит, внутри Ордена раскол и что-то действительно произошло на Эльфийских землях. Магистр против Архимагистра… Это будет интересно. Слежку, она вряд ли прекратит, несмотря на всю эту любезность. ;Что же задумала Архимагистр? Если она действительно в союзе с эльфами, то как много сестёр её послушают? Как много уже вкурсе предательства? Если они придерживаются политики якобы "реформ", то чего они добиваются? Всё это слишком сложная игра и я только начал улавливать её правила…"
0;*Гостевой домик, вечер*
0;Ты уже собирался снимать свою мантию и отправляться на боковую, как в дверь кто-то постучал.
Я;Войдите!
Послушница2;Сэр Инквизитор, там у ворот мужчина вас просит. Говорит, что срочно.
0;Конечно, кто же это мог ещё быть, как не Поручик.
Поручик;Эй, Босс! А славненькая она, а?
0;Поручик кивает в след уходящей послушницы, которая скорее всего ещё может вас слышать.
Я;Что случилось, есть зацепка?
Поручик;Да, бери коня и поехали в город. Там всё расскажу.
0;*Город, одиннадцать вечера, квартал нищих*
Я;И так, куда мы едем?
Поручик;На подпольные бои. Сегодня в главном бою будет участвовать послушница Ордена, про которую я говорил. Думаю, ты захочешь это увидеть.
Я;Вот как.
Поручик;Ага. Я попросил людей замолвить за нас словечко. Поэтому после шоу будет шанс поговорить с организатором боёв и, если удача будет на нашей стороне, с Крестоносцем. Говорят, у неё скверный характер. Не очень любит фанатов. Хе-хе.
0;"Скверный характер, гладиаторские арены. Кого-то мне напоминает…"
Поручик;Здесь мы оставим лошадей, за ними присмотрит этот господин. Дальше только пешком.
0;Поручик отдаёт поводья ваших лошадей и пару серебряников конюху постоялого двора, рядом с которым вы остановились, и направляется к мосту, соединяющему квартал нищих и купеческий.
Я;Так куда, собственно, нужно идти?
Поручик;Сюда (улыбаясь), в канализацию, босс. Ой, да брось, не делай такое страдальческое лицо. Уверяю, тебе понравится.
0;Приняв твоё молчание за согласие, Поручик спускается по ступенькам к водоканалу. Здесь, в стене, недалеко от сточной трубы, на тебя смотрит голова льва, в пасти которого покоится огромный замок.
Поручик;Сейчас, босс, да где же они, чёрт побери!
0;Поручик во всю роется в своей поясной сумке, пока наконец не извлекает на свет свой набор отмычек.
Поручик;Раз, раз, раз и на Парнас.
0;Что-то щёлкает в голове льва и дверь со скрипом немного приоткрывается. Поручик открывает её до конца и жестом руки просит тебя пройти первым.
Я;Тут темно.
Поручик;Держи, босс.
0;Твой помощник вкладывает в твою правую руку факел и поджигает его. Лицо обдаёт немного жаром и можно осмотреться вокруг.
Я;Ты уверен, что гладиаторские ямы где-то здесь? Выглядит как обычная выгребная яма.
Поручик;Отсюда да. У нас с тобой приглашений на эту вечеринку нет. Закрытый клуб для богатеев. Но мы можем прошмыгнуть через каналы. 
Я;Ты же говорил, что замолвил за нас словечко…
Поручик;Ну, я это для словца красного сказал. По правде говоря, тут, скорее "доберёмся до места и будем импровизировать"-план.
Я;Ага…
Поручик;Ой, да брось, босс. Будто бы в первой. Где наша не пропадала?
Я;Так и куда идти?
Поручик;Хм, вроде бы сюда… Сейчас, подожди.
0;Поручик быстро скрылся за первым поворотом направо. Бетонные стены каналов эхом отдавали его громкие шаги, пока те не стихли. Затем, они постепенно начали появляться и становились всё громче и громче. Пока перед тобой снова не очутился Поручик.
Поручик;Нет, не сюда. Значит налево.
0;Прошло какое-то количество времени…
Поручик;Чёрт бы побрал этих эльфов! Понастроили катакомб своих. Ну ничего, ничего босс. Чую мы уже близко.
Я;Ты это три поворота назад говорил…
Поручик;Ну а сейчас ещё ближе подошли. А! Видишь!
0;На стене, на которую указывает Поручик, красной краской нарисован щит и трезубец Мирмидона.
Поручик;Говорил же, разберёмся!
0;Проход, на который указывает трезубец, освещён по обеим сторонам факелами и ведёт куда-то вниз. Вы спускаетесь по лестнице и, приближаясь к ямам, начинаете слышать крики и свист толпы.
Поручик;Держу пари, эти сраные эльфы устраивали здесь схватки рабов-людей, какую-то сотню лет назад. А теперь посмотри - варвары сами стали господами!
0;Гладиаторская яма представляет из себя гранитный круг, с железным ограждением, достаточно высоким, чтобы испугавшийся боец не смог через него сбежать. Параллельно друг другу стояли две двери с поднимающимися механизмами. На полу ямы песок смешался с кровью уже так плотно, что превратился в багровый. ;Вы проходите на шумную и тесную трибуну, пытаясь найти свободное место. Интересно, здесь всегда так много людей? Если бегло пробежаться по головам, можно будет уверенно насчитать сотню зрителей. Большинство из них в причудливых театральных масках, изображающие разные эмоции. ;Наконец, вам удается найти место и, под радостные возгласы толпы, вы садитесь на четвёртом ряду. В этот момент как раз заканчивается поединок двух бойцов. Победитель только что лишил головы проигравшего и бездыханное тело с грохотом рухнуло в песок.
Я;Почему нас никто не досмотрел на входе?
Поручик;Вход не здесь, босс, а в купеческом квартале. В одном из аукционных домов в подвале, если быть точнее. Там на входе и платят за билет. Раз попал в катакомбы - значит уже прошёл досмотр.
Я;Понятно.
ПОРУЧИК;Вон, смотри. Тут три балкона. На самом высоком сидит хозяин Арены, с двумя бугаями. Два других для знатных гостей.
0;На одном из них развалившись в кресле лежал тучный мужчина. Тюрбан на голове, трубка от кальяна в руках и две наложницы рядом, массирующие его толстые ноги выдавали в нём гостя с Востока.
Я;А ведь там могли сидеть мы.
ПОРУЧИК;Ага и спустить годовой бюджет нашего отдела.
Я;Ладно, я понял. А почему зрители в масках?
ПОРУЧИК;Ну, места на трибунах тоже не из дешёвых. Поэтому здесь только знать и скучающие купцы. Так как наш горячо любимый Монарх запретил гладиаторские бои, логично, что многие хотят остаться "инкогнито" на таком мероприятии. ;А, ты погляди только на них, босс. Ставят на человеческую жизнь и задыхаются от адреналина, как только в воздухе начинает летать запах крови. Они прям чуть ли не в экстазе бьются. Кровь, слюни, пот и деньги. Большие деньги.
0;С арены, наконец, убрали обезглавленный труп и худо бедно выровняли песок. Зрители успокоились и затихли, ожидая анонса следующего поединка.
ПОРУЧИК;А мы как раз во время босс. Судя по брошюре, сейчас уже будет выступать наш Крестоносец.
Я;У тебя есть брошюра?
ПОРУЧИК;Стащил у толстяка слева. Ну воняет же от него, скажу я тебе. Ублюдок походу слишком плотно налегал сегодня на сельд с луком.
0;Хозяин арены тоже выделялся среди прочего своими габаритами. Огромные, как два бруска дерева, руки покоились на позолоченных подлокотниках трона. Приподняв немного левую ладонь, он приказал замолчать последним болтающим зрителям. Не спеша, этот громила поднялся и подошёл к поручню балкона.
ПОРУЧИК;Зачем вообще ему нужны телохранители? Мне кажется этот монстр любому из присутствующих переломит хребет двумя пальцами.
0;Густые и широкие брови почти полностью скрывали его глубоко посаженные глаза. Да и в целом, при виде этого грубого лица с заострёнными скулами и шрамами на щеках, по спине бежал холодок.
Хозяин Арены;Друзья! Надеюсь, вы остались довольны сегодняшними боями! Надеюсь, многие из вас сегодня стали чуточку богаче. А кто-то и не чуточку.
0;Его голос заполняет собой всё пространство арены, до самого потолка. И по трибунам начинают звучать довольные возгласы и свисты. Хозяин подождал, пока они закончатся, а потом поднял руку вверх и продолжил.
Хозяин Арены;И я надеюсь, что в вас ещё осталась жажда крови и зрелища. Потому что я с радостью объявляю последний бой этого вечера! Встречайте! Подопечный нашего любимого Айн Ибн-Саутра, неизменный победитель Восточных арен, известный своей кровожадностью и беспощадностью по отношениюск противнику - Кхайн, Собиратель Черепов!
0;От рёва, поднятого зрителями, у тебя закладывает уши.
0;Ибн-Саутр во всю улыбается, демонстрируя золотые коронки на передних зубах. Одна из дверей постепенно начинает подниматься и на песок выходит рослый воин, облачённый в большой красный шлем, на лбу которого красуются два длинных рога буйвола. Одна рука вместе с плечом у него закрыта латной рукавицей и наплечником. ;Оголённый торс, во всю пестрит шрамами, и на ногах у него лёгкие кольчужные поножи. Своей латной перчаткой Кхайн крепко держит двуручный топор, ручка которого перевязана телячьей кожей. На лезвие выгравированы какие-то восточные иероглифы. Предплечье незащищённой руки обвивает цепь. Боец вскидывает свои руки, которые могут потягаться в габаритах с руками Хозяина Арены, вверх и издаёт приветственный клич.
ПОРУЧИК;Ты только посмотри на него. Предложи ты мне Престол и корону я бы все равно отказался с ним драться. Думается мне он каннибал… Гляди какие у него бицепсы! Я где-то слышал, что человеческое мясо лучше всего усваивается нашим организмом. Вот он, наверное, по три человека в день съедает минимум.
Хозяин арены;Против него будет биться, чемпион нашей арены. Вы все его знаете. Наш горячолюбимый Воздаятель!
0;На этот раз тебе пришлось прикрыть ладонями уши, чтобы не оглохнуть. Пытаясь абстрагироваться от шума, ты во всю впился взглядом в открывающуюся дверь.
ПОРУЧИК;А вот и наш клиент! Как думаешь, она из Ордена?
0;Не торопясь, ступая на грязный песок своими латными сапогами вышел второй боец. В отличии от Кхайна, она была облачена в полную защиту. В центре латного нагрудника проходил красный крест. А на голове у неё был шлем-маска, схожий с тем, что ты видел на Библиарие. Стальное девичье лицо, только оно было совсем не печальным. Искривлённый в гневе открытый рот и сведённые к центру брови. ;Это не была маска-скорби, скорее маска-гнева. Одной рукой она нехотя вращала моргенштерн, как бы привыкая к весу оружия в руке. В другой она держала большой башенный щит с эмблемой Ордена. Только эта эмблема была перевёрнута вверх ногами. С такого расстояния сложно сказать, но вроде бы она куда выше, чем Альтушка. Да и оружие не типичное. Но кто знает? Может мечом она махала только для обучения неофитов.
1;Сложно сказать. Нарисуй крест на груди любого дикаря и надень на него шлем - готовый крестоносец. Может это всё просто создано для шумихи и ставок.;Бубулька;Пипипупу
ПОРУЧИК;Соглашусь. Но чую бой будет интересным.
Хозяин арены;И так, уважаемые бойцы. Правила вы знаете, но я напомню. НИКАКИХ ПРАВИЛ! БИТВА БУДЕТ ИДТИ ДО ТЕХ ПОР ПОКА ОДИН ИЗ ВАС НЕ ПАДËТ СРАЖЕННЫЙ НАСМЕРТЬ! Прошу вас, займите исходные позиции.
0;Кхайн и Воздаятель встают друг напротив друга. Кхайн хватается за рукоятку двумя руками, пока Воздаятель приподнимает перед собою щит.
Поручик;Если там под маской и правда монашка, то хочу сказать, что габариты у неё внушительные. Она же по шею этому Кхайну!
Хозяин арены;И пусть победит достойнейший! Начали!
0;Как только рука хозяина опустилась вниз, Кхайн тут же бросился вперёд и обрушил мощную серию ударов по щиту Воздаятеля. Колоссальная сила, почти нечеловеческая! С каждым новым столкновением топора и железного щита, Воздаятеля откидывало всё дальше и дальше к загрождению арены.
Поручик;Щас он её об стенку размажет и пиши - пропал великий Воздаятель.
0;Удар, ещё один удар. ;Публика стихла, затаив дыхание. Из некоторых углов уже слышатся недовольные шепотки. Никто здесь не заинтересован в том, чтобы бой закончился так быстро и глупо. Особенно Воздаятель.;И вот каблук правого сапога касается загрождения. Дальше ей деваться некуда, неужели Кхайн просто сломает её пополам?
0;Топор вздымается и со свистом летит вниз, как вдруг Воздаятель резко отталкивается ногами от стены и взлетает над Кхайном! Она выбрасывает вперёд цеп с моргенштерном и он с грохотом врезается в шлем Кхайна. Не ожидавший такой прыти воин пошатнулся и сделал пару шагов назад, позволив Воздаятелю поймать момент и выбраться снова в центр арены. Как ни в чём не бывало, она замерла в оборонительной стойке, ожидая своего противника.
Поручик;А, что только сейчас произошло? Ты видел босс? Как вообще возможно прыгнуть так высоко в латных доспехах? Твоя монашка на такое способна?
0;Теперь Воздаятель стояла к тебе спиной и можно куда лучше разглядеть её габариты. 
Поручик;Определённо нет. Альтушка куда ниже ростом. Если только всё дело в этих сапогах… Ещё и стиль боя немного другой. Альтушка всегда старается напасть первой.
Кхайн;АХ-ХА-ХА! А ты молодец!
0;Боец сплюнул кровавый сгусток на песок и повернулся лицом к Воздаятелю и к тебе с Поручиком. Нижняя часть его шлема теперь больше напоминала вскрытую консервную банку, по подбородку текли несколько струек крови.
Кхайн;Хотя меньшего я и не ожидал от Ордена. Что ж, продолжим!
0;Настроение публики теперь переменилось на совершенно противоположное. Радостное улюлюканье почти заглушало то, что говорит Кхайн, но твой острый слух всё же разобрал его слова.
0;Восточный чемпион вытер подбородок незащищённой рукой и снова сорвался в атаку с разбега. Воздаятель полностью спряталсь за свой щит, готовясь к очередному взмаху топора. ;Но вместо этого Кхайн ударил в центр щита кулаком, с намотанной на него цепью. Из-за удара щит выгнулся в обратную сторону, оставляя незащищенным голову, правую руку и ноги Воздаятеля.
Поручик;Пресвятая Матерь, Богородица!
0;Не теряя момента, Кхайн тут же взамхнул топором, целясь в голову Воздаятелю. Удар не достиг своей цели и Воздаятель, совершив сальто, ушла назад, оставив Кхайна с повреждённым щитом перед его носом.
Кхайн;Посмотрим, как ты теперь будешь без своей любимой игрушки!
0;И снова, под радостные возгласы толпы, Кхайн бросается в атаку. 
Поручик;Ну что думаешь, босс. Победа за Востоком?
Я;С одним цепом ей будет невозможно парировать его топор...
0;Ни в чём себе не отказывая, Кхайн первым же ударом снова метит в голову Воздаятелю. Но она просто плавно уходит в сторону от удара, как снежинка по ветру. С той же неописуемой грацией она уклоняется от следующего продольного удара, который должен был разрубить её по полам. Удар Кхайна, шаг Воздаятеля влево, удар Кхайна, шаг Воздаятеля назад, ещё удар Кхайна, реверанс. Кожа на плечах Кхайна начинает лоснится от пота. И каждый новый удар сопровождается всё более тяжелой отдышкой. Когда Воздаятель, кажется, даже не сбила дыхание.
Поручик;Что она делает, босс? Никогда не видел такую технику боя.
Я;А ты и не мог её видеть. Это техника называется "Эльфийская песнь", потому что только Эльфы знают эту технику сражения.
Поручик;Чего? Эльф, здесь? В главном южном городе Монархии? Брехня.
Я;Других объяснений у меня нет.
Поручик;А откуда ты сам знаешь про эту технику?
Я;В годы обучения, я читал заметки генерала, которому довелось сражаться с одним из главнокомандующих Эльфов. В том бою генерал потерял левую руку и левый глаз. Наши войска тогда победили, но главнокомандующий Эльфов сбежал, оставив генерала истекать кровью. ;Именно он назвал этот смертельный танец "Эльфийской песней". Не все эльфы обладают этим навыком. Ведь генерал бился с огромным множеством эльфов. Возможно, только офицеры высшего ранга или кто-то вроде того. 
Поручик;Эльф высшего ранга…
0;Возможно, тебе показалось, но на мгновение в избалованных и обычно слегка затуманенных пеленой скепсиса, глазах поручика вспыхнул настоящий зелёный огонь. 
0;"Неужели, что-то наконец по-настоящему заинтересовало его?"
Поручик;Значит она просто изматывает его.
Я;Да, а после прикончит.
0;Бойцы ещё какое-то время продолжают своей танец, пока Кхайн тяжело не падает на одно колено. Его могучие плечи вздымаются, словно меха Кузни от жара которой во все стороны валит пар. Воздаятель не спеша подходит к своему противнику, готовясь обезглавить его одним ударом.
Поручик;Вот это уровень. Прикончить чемпиона восточных арен за два удара! Давай! Снеси эту рогатую башку!
0;"Нет, он действительно слишком вовлечён в происходящее…";Воздаятель касается рукояткой цепа подбородка Кхайна, приподнимая его голову на встречу себе. 
Воздаятель;Последние слова, дикарь.
0;"Ага! Женский голос! И судя по технике боя это эльф. В символике Ордена… Как такое возможно?";Но помимо голоса Воздаятеля, ты слышишь кое-что ещё. Хриплый смех Кхайна. И хоть тебе видна только лишь его спина, ты уверен, что воин сейчас улыбается.
Кхайн;Вот уж не думал, что увижу когда-нибудь "Эльфийскую песню".
Воздаятель;Это всё?
Кхайн;О нет, моя дорогая, вот ещё: (вставить сюда набор страшных иероглифов).
Воздаятель;Ай!
0;Последние слова вылетают изо рта Кхайна и отдаются по твоим перепонкам скрежетом железа. Ты чувствуешь, как что-то теплое разливается по твоему левому уху.
Поручик;Босс, с тобой все впорядке? У тебя кровь из ушей пошла. Вот держи платок.
0;Приложив ткань к левому уху, тебе показалось, будто бы ты потерял слух. Но это просто трибуна внезапно полностью смолкла.
ПОРУЧИК;Пресвятые земли святого Иакова!
0;Что-то происходило с Кхайном. Теперь не только его плечи дымили паром. Всё его тело отбрасывало вокруг завесу тумана. Кхайн постепенно разбухал, словно губка, впитывающая жидкость. Его кожа, некогда бронзовая, резко сменила свой цвет на багрово-красный и вздутые вены, целыми дорогами взбухали вокруг. Шлем и броня правой руки тут же лопнули, уступая место монстроузной маскулатуре. 
Поручик;Да он сейчас до потолка достанет своей башкой!
0;Кхайн действительно вытянулся на несколько футов.
0;Воздаятель, отпрыгнувшая от Кхайна в начале трансформации, кажется совсем не растеряла уверенности в своей победе. И всё так же твердо сжимала рукоятку своего цепа, пока грохотом по залу расходился гротескный смех Кхайна.
Кхайн;Думала легко отделаешься, крестоносец?
0;Вместо ответа Воздаятель выпрямилась и повернулась к западной части трибун. Человек не смог бы разглядеть куда устремила свой взор крестоносец. Но ты не совсем человек…
Я;Вот же она!
0;Среди ликующей и брызжащей слюной толпы ты видишь знакомые фиолетовые волосы, почти полностью скрытые капюшоном. Но эти волосы и губы ты ни с чем не перепутаешь.
Я;Вон она, Поручик. Альтушка!
Поручик;А, что? Так значит эта Воздаятель не наша клиентка, да?
Я;Выходит, что так. Но, судя по-тому как себя ведет Воздаятель, они точно знакомы.
Поручик;Ну и ну…
Кхайн;А-а-а! Смотри на меня, когда я с тобой говорю!
0;Не дожидаясь ответа, монстр ринулся вперёд, наклонив вперёд голову. Не такое большое расстояние, чтобы набрать большую скорость, но учитывая его габариты этого хватит для быстрой победы.
Поручик;Сваливать надо, босс. Сейчас эта тварь её прикончит, а потом на трибуны бросится. Как пить дать.
0;"Вполне вероятно…";Кажется, все в помещении впали в истерику, кроме Воздаятеля и Хозяина арены. И вряд ли кто-то уловил момент, когда Крестоносец отпрыгнул в сторону, разбив один рог до самого основания, одним взмахом своего цепа.
Кхайн;А-а-а!
Поручик;Что произошло? Он же должен был размазать её по стене! Ой! Босс!
0;"Земля уходит из под ног. Это что, землетрясение?";Ревя от боли, на краю арены Кхайн во всю бил своими кулаками по песку. От этого трибуны частично треснули и некоторые из зрителей упали в расщелины.
Поручик;Держись, босс!
0;Вовремя брошенная рука твоего напарника избавила тебя от участи, быть расплющенным о тела других зевак.
0;Не понятно, сделал ли это монстр следуя своей звериной ярости или специально, но эффект свой это возимело. Воздаятель потеряла равновесие и упала на песок. Тут же Кхайн прыгнул на неё и по залу пробежался страшный грохот при его приземлении. ;Из-за поднятого облака пыли стало трудно дышать. Но как только песок осел, все увидели стоящего позади Кхайна Воздаятеля. Без своего цепа, но с обломком рога в руках. Не дожидаясь, пока монстр снова ринется в атаку, она прыгнула ему на загривок и вонзила острым концом рог в сонную артерию.
Кхайн;А-а-а!
0;Фонтан крови забил прямиком на зрителей, сидящих в первых рядах. Кхайн зашатался из сторону в сторону, пытаясь сбросить противника. Но Воздаятель лишь глубже вогнала рог и крепко ухватилась за него. ;Ослеплённый яростью, обессиленный, но всё ещё могучий Кхайн побрёл вперёд, снося ограждения арены и давя зрителей на своем пути. Это стало последней каплей для гостей арены. Толпы людей бросились наперегонки к выходам, создавая ужасающую давку у них. ;Ты посмотрел на то место, где сидела Альтушка. И её уже там не было.
1;Проклятье! Поручик, она пропала. Уходим, попытаемся догнать!;Остаться и узнать, чем всё закончится.
Поручик;Босс, на самом интересном! Сейчас же победителя объявят! Я ставку сделал!
Я;Плевать! Потом заберёшь, дело превыше всего!
Поручик;Как скажешь, босс.
0;Вы быстро поднялись со своих мест и резво достигли одного из выходов, где Поручик принялся распихивать зрителей в стороны.
Поручик;А ну прочь, ублюдки! Именем Инквизиции! Уступили дорогу!
0;Страх перед Инквизицией во многих был всё же сильнее страха неведомого монстра. Тех же, кто не следовал здравому смыслу и не уступал дорогу, Поручик бил в висок своей дубинкой, обтянутой телячьей кожей.
Я;Куда она могла пойти?
Поручик;Тут дальше только один коридор и либо как мы пришли, либо в купеческий. Думается мне, что особа твоя через купеческий пришла.
Я;Хорошо, давай разделимся. Ты - в канализации. Я - в купеческий. Если настигнёшь её, то просто проследи за ней. Встретимся завтра в таверне. Буду ждать доклада.
Поручик;Ну конечно, тебе на ковровую дорожку, а мне в отстойник. Как всегда.
Я;Такая уж у тебя профессия.
Поручик;Ага. Домик и виноградная плантация! Помни, ты обещал!
0;Последние слова Поручик бросил тебе уже бегущему в спину.;"Нельзя терять ни минуты!"
0;По пути тебе то и дело попадались запыхавшиеся жители города. Сытая и богатая жизнь на многих из них повлияла сильно. И от того их толстые, лоснящиеся лица были бледными, а щёки вздувались от потерянного дыхания. Оббегая их, как препятствия, ты всё дальше и дальше выбирался наверх, к купеческому кварталу. ;Наконец, впереди показалась дверь, ведущая в подвал того самого дома. Распохнув её, ты увидел фонтант крови, брызнувший из отрубленной конечности человека. Лишённый руки мужчина с перекошенным от боли лицом рухнул тебе под ноги.
Восточный Бандит;Сдавайся, крестоносец!
0;В довольно просторном, для подвала, помещении во всю шла схватка. Альтушка героически отбивалась от целого отряда воинов, вооруженных саблями и с тюрбанами на голове. Вокруг них лежали десятки трупов несчастных, что попали под горячую руку.
Главарь Восточных Бандитов;Вы должны были проиграть сегодняшний бой!
0;Ты уже успел посмотреть на феноменальную скорость Альтушки в атаке. Поэтому не удивился, как в долю секунды ближайший к ней бандит пал с разрезанным животом.
Альтушка;А я тебе ещё раз говорю, что нет никаких "мы"! Я пришла просто посмотреть бой!
Главарь Восточных Бандитов;Господин сразу заподозрил неладное, когда ты прошла на трибуны с этим знаком!
0;Кончиком сабли он указывал на эмблему ордена, выгравированного на плече плаща Альтушки.
Главарь Восточных Бандитов;Она должна была пасть от топора великого Кхайна! Таков был уговор с Хозяином Арены!
1;Видимо, не такой уж ваш Кхайн и великий.;Господа, дико извиняюсь. Но как по мне, в десятером на одну девушку - крайне не прилично.;РЫба
Альтушка;Ты?
Я;Удивлена?
Альтушка;Не обольщайся. Я уже давно перестала чему-то удивляться. Но помощь твоя будет кстати. 
Главарь Восточных Бандитов;Значит ещё один прихвостень Ордена. А ну, ребята, резать-кромсать!
0;Их стиль боя чем-то напоминал Кхайна. Они так же пологались на грубую силу. Парировав саблю одного бандита, ты кувырком вперёд приблизился к другому и резанул того в пах. В этой битве не было той красоты, с которой проходили спарринги в тренировочном круге. Альтушка безжалостно и быстро ранила всех, кто пытался её атаковать. Не всегда летально, возможно ей нравилось расстягивать удовольствие от битвы.
0;Один из бандитов врезался своей массой тебе в плечо и отбросил к стене подвала. Тут же второй впечатал тебе поддых кулаком.;"Ууух…";Воздух быстро покинул твои лёгкие и ноги сами по себе подкосились. Ещё чуть-чуть и сабля лишит тебя головы…
Альтушка;Умереть вот так глупо, тебе самому-то не стыдно? 
Я;Спасибо.
Альтушка;Ну, остался ты один, голубчик.
Главарь Восточных Бандитов;Э-э-э. А ну, смотрите! Позади!
0;Вы обернулись, но  в проходе никого не было. 
Альтушка;Ты кого обмануть решил? Эй…
0;Но главарь банды куда-то испарился.
Я;Сбежал…
Альтушка;Ага.
Я;Подожди, я что-то слышу.
0;До твоего уха отдалённо доносились обрывки чьих-то голосов.;"Ать! Ать!Зать! Мсать! Резать! Кромсать!"
Альтушка;Вот чёрт, покрепление идёт со стороны арены!
Я;Бежим!
0;Даже такой сильный фехтовальщик, как она, выдохнется от подобной схватки. Битва с таким количеством противников требует огромной концентрации и сил. Не смотря на то, что выйграла она её быстро, Альтушка всё же была на пределе своих возможностей.
0;Вы выбежали на первый этаж аукциона и затем сразу же на улицу. Видимо, Альтушка хорошо знала квартал и, повернув дважды и пробежав несколько домов, она быстро перепрыгнула через небольшой забор. Прыгнув за ней, ты обнаружил себя на на заднем дворе конюшни. Альтушка уже во всю отворяла амбар с сеном.
Альтушка;Давай сюда!
0;Захлопнув за тобой дверь она громко выдохнула.
Альтушка;Всё, тут не найдут.
Я;Чья эта конюшня?
Альтушка;Семьи, что занимается разведением коней для офицеров Ордена. Я пряталась тут, когда была неофитом и убегала по ночам в город…
1;Я видел, как на тебя смотрела Воздаятель. Там, на арене…;Да? И что же ты тут делала?;Славно подрались. Может всё же выйдем и добьём оставшихся ублюдков?
0;Альтушка лёгким движением руки сбросила с головы капюшон и пристально посмотрела тебе в глаза.
Альтушка;Что ты хочешь услышать, Инквизитор? Думаешь я скажу тебе правду? Ты и так сегодня застал меня за несколькими нарушениями кодекса. Их будет достаточно чтобы отстранить меня от моей клятвы.
Я;Я видел, как ты пришла на кровавое представление. Но что если ты пришла по душу заблудшей сестры?
0;Её фиалковые глаза немного задрожали.;"Что это? Неужели?";Одна за другой из её глаз полились слёзы. Бледные щёки быстро налились румянцем и Альтушка отвернулась от тебя.
Альтушка;Это не может быть она! Я не верю!
0;Ты положил руки на вздрагивающие от всхлипов плечики.
1;Нет ничего постыдного в том, что ты чувствуешь.;Ну-ну прекрати, разве так себя ведёт офицер Ордена?;СЭКС
0;Альтушка развернувшись утыкается лицом тебе в грудь.
Альтушка;Это всё так неправильно! Так не должно было случиться! Не должно!
Я;Что не должно было случиться?
0;Вместо ответа Альтушка хватает тебя за воротник мантии и резким движением притягивает твоё лицо к своему. Тебе не остаётся ничего сделать, как  ответить ей взаимностью и жадно впиться в её губы.
0;"Солёные…";Не останавливаясь, ты постепенно пятишься назад, пока вы оба не падаете на свежий сток сена.
0;*СЦЭНА СЭКСА*
0;ГЛАВА ВТОРАЯ. БЕГ ЮНОСТИ МОЕЙ
0;*Сон четвёртый*