0;Сквозь пелену сна к тебе тянется чья-то рука. Кончики пальцев нежно касаются твоей щеки. Пальцы обжигают твою щёку могильным холодом, словно весенняя капель пробирающаяся сквозь последние сугробы.;Просто прикосновение. Не больше, не меньше. Ты не можешь вспомнить чьи это руки. Как не можешь вспомнить когда оно произошло. Но почему-то ты уверен полностью, что это прощальное прикосновение.
Поручик;Учитель!
0;Громкий стук в дверь возвращает тебя в реальный мир. Видимо, случилось что-то срочное, раз твой помощник пришёл лично будить тебя.;Хорошо потянувшись, ты запрыгиваешь в тапочки и, почёсывая бок направляешься к двери.
Поручик;Учитель, доброе утро!
Я;Доброе
Поручик;Вас срочно вызывают на аудиенцию к Монарху.
0;В столь ранний час?
Я;Хорошо, передай что я буду в Тронном зале через двадцать минут.
0;После небольшого реверанса твой помощник быстрым шагом удаляется. Ты же принимаешься за утренние ритуалы. Молитва, умывание и зарядка. Завтрак придёться заменить поздним бранчем, но это не страшно.;На выходе из Соборных спален столпились мелкие церковные служащие. На твое "доброе утро" они лишь учтиво кивают головами.;Столько лет прошло с твоего назначения на должность главного дознавателя Святой Инквизиции, а твои "коллеги" всё никак не могут смирится с тем фактом, что ты "полукровка". 
0;"Неслыханное святотатство!" - только и заявил Верховный дьякон перед тем, как отречься от своего поста и постричься в монахи. Он принял обет молчания и уехал жить в отшельничестве на остров Марии мученицы, пока ты осваивал свой новый кабинет в Столичном Соборе. 
0;Монарх никогда не звал тебя "полукровкой". Начатая в детстве дружба с годами лишь крепла. И для монарха она стала чем-то незыблимым, после того, как его отец был подло отравлен. В этот день, ваш близкий друг окончательно превратился в мужчину.
0;Пересекая Соборную площадь и дальше - всю дорогу к Дворцу - ты продолжал думать о ладони, что коснулась тебя во сне.;Сны - редкость для тебя. Зачастую даже пытка. Неясные образы из прошлого преследуют тебя всё навязчивей и навязчивей в последние недели.;Лучший следователь, поймавший всю секту "Праведная Луна", что активно терроризировала государства из подполья. И никак не можешь разгадать загадку собственной души. Мда уж…
0;В коридоре твой острый слух выхватывает обрывки разговора двух стражников, охраняющих Тронный зал
Стражник 1;Подумать только, сначала Государь призывает  на аудиенцию Архимагистра Ордена. Теперь верховного дознавателя…Что-то плохое намечается.
Стражник 2;Нечего тебе рассуждать об этом. Не наше с тобой дело. Мы тут на дозоре, не забывай. А то сам знаешь, как оно бывает. Раз и… Поминай как звали.
0;При виде тебя стражники вздрогнули и замерли в стойке "смирно"
1;Доброго утра, солдаты.;Правильно, послушай своего товарища. Я на плаху и за меньшее отправлял.;[[Промолчать]
0;Один из стражников открывает перед вами двери, пока другой громко проглатывает комок, застрявший в горле. Ты пару раз хлопаешь его по плечу
Я;Не волнуйся, солдат, пока ты с честью выполняешь долг перед отчизной, такие как я тебе ничего сделать не смогут. Разве что похвалить лишний раз.
Стражник 2;Благодарю, сэр!
0;Сложно сказать, когда тронный зал претерпел столь резкие изменения в обстановке. Но от кричащих и ярких полотен, которые так любил отец, Монарх отказался в сторону тёмных и синих тонов.;В это время дня никого кроме Государя и его служанок в зале не было. Молодые девушки из потомственных родов-слуг окружают заботой Монарха в повседневных делах. И не только в них. Одна из них прямо сейчас подливает ещё вина в бокал Монарха.;Твой старый друг стоит спиной к тебе и рассматривает что-то за окном на улице. Ты подходишь поближе и падаешь на одно колено.
Я;Ваше величество
0;Монарх оборачивается и на его лице сияет улыбка. Розовые щёки и покрасневший нос свидетельствуют о том, что он давно пил. А синяки под глазами есть примета неспокойной ночи.
Монарх;А, мой старый друг! Как же я рад тебя видеть. Вина?
0;Не дожидаясь твоего ответа, Монарх щёлкает пальцами и в твоей руке тут же оказывает бокал, полный изящного и дорогого вина.
Монарх;И так, мы позвали за тобой для очень важного дела. Речь идёт о государственной измене. Орден готовит, не побоюсь этого слова, переворот.
0;Орден? Измена? Переворот? Как такое может быть? Ты знаком с летописями Крестовых походов и в чём никогда не мог усомниться, так это в лояльности Ордена к Церкви и Монарху. В конце концов, именно Орден всегда был в авангарде армии. Именно Орден нёс самые большие потери в походах на эльфов.;Вот уж действительно экстраординарное утро. Может твой друг перебрал с вином? При дворе ходят слухи про его злоупотребление альгулем…К сожалению, ты лишь недавно вернулся с поимки "Правдивой Луны". Операция затянулась и ты пробыл в западных землях больше, чем требовалось. Кажется, именно тогда в твои сновиденья стали пробиваться обрывки воспоминаний. Если бы не это прикосновение…
Монарх;Инквизитор, с вами всё впорядке?
0;Этим вопросом он возвращает тебя к реальности. Уголки твоего рта легко и непринуждённо приподнимаются в улыбке. Сейчас и вправду не стоит мечтать, нужно сосредоточиться над делами насущными. 
Я;Не волнуйтесь, Ваше Величество, небольшое расстройство желудка.
0;Краска озабоченности быстро сползает с лица Монарха и уступает место флегматичному тону. Которое ты так привык видеть. Хоть вы и росли вместе, всё же между вами пролегла целая пропасть из статусов, привелегий и ответственности.;Монарх одним глотком осушает свой бокал вина и тут же зовёт служанку наполнить его по новой. Не забывая про этикет, ты пригубил немного вина. Пить в такой ранний час всё же привелегия Монарха, а не скромного слуги Инквизиции. 
Монарх;Ты должен понимать, насколько важно для нас достичь абсолютного успеха в этом задании.
0;Обычно Правителю нет никакого дела до твоей службы в Инквизиции. Ваши беседы несут скорее дружеский характер. Возможно, с возрастом Монарху становится всё тяжелее отличать друзей от врагов. Дворовые интригы проступают на его лице маленькими морщинками в уголках глаз. И видеть твоё всё ещё юное лицо помогает ему вспомнить свою ушедшую беззаботную юность.
Монарх;Власть ордена на восточной границе приобрела слишком большой масштаб. Мои шпионы давно следят за их деятельностью, на случай, если они начнут представлять опасность для моей власти. Всё же организация такого масштаба… С их опытом и вооружением они могут легко снести всю мою Королевскую рать.
Монарх;По донесению моих самых доверенных разведчиков, в ходе третьего крестового похода Архимагистр Ордена вступила в сговор с Королевой эльфов. По прибытию на Родину, Архимагистр стала подготавливать почву для эльфиского вторжения на наши земли…
0;Ладонь правой руки монарха постепенно сжимается в кулак.
Монарх;Мою землю…
0;Монарх делает жадный глоток, перед тем как продолжить
Монарх;К сожалению, я не могу официально выступить против Ордена. Пока у нас не будет везких доказательств в их измене. Вверенные им под управление земли обеспечивают две трети нашего государства зерном.;Военные советники утверждают, что в случае открытого конфликта нас ждёт бунт среди крестьян. Подкреплённый войсками Ордена и эльфийскими партизанами. Мы не можем пойти на это. Мы должны быть умнее, хитрее.;Поэтому ты поедешь туда, как верный слуга Церкви. Официально твой титул - Старший Дознаватель. Именно чины такого ранга допускаются за двери Ордена. Знать им  о твоём реальном положении в обществе - ни к чему.;Все инструкции и сопутствующие к делу материалы уже пакуют в твои сумки. Экипаж будет ждать тебя после обеда.  
1;Я слышал, что Архимагистр ордена вчера прибыла в столицу на королевскую аудиенцию. Где она сейчас?;Сколько времени отводится на выполнение задачи?;Разрешите откланяться, Ваше Величество.
Монарх;Мы пригласили её для обсуждения ренноваций, в коих столь сильно нуждается наша Церковь. Неудача последнего крестового похода стоила слишком много для нашей казны. Военные и экономические отчёты совместно трубят о неэффективности распределения наших активов. К следующему посевному урожаю мы должны утвердить новые налоги, пересмотреть старые.;Работы много, поэтому в нашем письме мы заявляли о посещении столицы на долгий срок. Архимагистр с радостью приняла приглашение. Ведь зимой без крестовых походов Ордену разве что беднякам хлеб раздавать остаётся.;Конечно, по приезду мы схватили её и отправили в темницу. Сейчас мои мастера пыток раскалёными клешнями тянут из неё признание, но она стоически терпит боль. Не произносит ни звука. Да… Вот это выдержка. Впрочем, не следует ожидать чего-то меньшего от самого Архимагистра.
Я;Могу ли я побеседовать с Архимагистром перед отъездом?
Монарх;Конечно, мой дорогой друг! Может быть тебе удастся вытащить из этой грязной еретички признание. Только сильно у неё не задерживайся, в конце-концов впереди тебя ждёт дальняя дорога.
0;Ты опускаешься на одно колено, в знак прощания. Но Монарх небрежным движением руки велит тебе подняться.
Монарх;Оставь эти формальности!
0;Монарх подходит к вам ближе и заключает в крепкие тёплые объятия.
Монарх;Мы будем с нетерпением ждать от тебя новостей. 
0;Ты не хочешь давать ложную надежду Монарху, ведь пока что дело вырисовывается слишком странным. Поэтому на прощание ты молча киваешь ему и выходишь из тронного зала.
0;Темница, скрытая в катакомбах Старого Дворца. Клетка, в которой заточена Архимагистр.
0;Сейчас у палачей обеденный перерыв. Поэтому Архимагистра ты застаёшь одну, в полуобморочном состоянии. Она прикована стальными цепями по рукам и ногам. Множественные ссадины и подтёки с ожогами на теле свидетельствуют о продолжительных побоях.;Но ты подмечаешь, что кости с ногтями целы. Значит, Монарх пока ещё не отдал приказ переходить к более радикальным мерам.;Голова Архимагистра бессильно опустилась на её грудь. Она тяжело дышит, жадно глотая спёртый воздух подземелья своими потрескавшимися губами. Лохмотья, в которые превратилась её одежда, едва скрывают самые постыдные участки тела. Ты хорошо знаешь, что когда начнутся настоящие пытки, с неё сорвут даже это.;Услышав ваши шаги Архимагистр приподнимает голову, она щурится, пытаясь разобрать кто же перед ней стоит
Архимагистр;Не припомню вас в рядах палачей. Пришли сменить своих товарищей?
1;Мои методы более гуманны. Я пришёл просто поговорить.;Ничто бы мне не доставило большего наслаждения, как пытки скверной еретички. Но увы, я здесь не за этим.;Мне больно видеть великого Архимагистра Ордена в таком виде. Обвинённого в ереси, закованного в цепи, униженного…
Архимагистр;Боюсь с разговором вы уже опоздали. Так кто вы такой? Очередной слуга Его Величества?
Я;Я главный дознаватель Святой Инквизиции.
Архимагистр;Вон оно как… Уверена Монарх успел посвятить вас во все детали происходящего. Уверена так же что именно вас он избрал быть палачом моего Ордена.
1;Именно так. Мне выпала честь нести справедливость от имени Монарха и Святой Церкви.;Можешь быть уверена ещё и в том, что каждый замешанный в твоей ереси понесёт справедливое возмездие. А потом… Я приду за тобой.;За свою службу в рядах Инквизиции я судил многих: фермеров, обратившихся к древним ритуалам; купцов, торговавших с эльфами; богатеев, коллекционирующих запретные артефакты; даже дворян, упавших в сладострастные руки порока. Но воинов Церкви, такое будет впервые.
0;На мгновение тебе кажется, что к Архимагистру вернулась острота понимания происходящего. Её широкая грудь вздымается, пока она делает глубокий вдох. После третьего вдоха глаза Архимагистра вновь сияют яркой синевой. Её тренированное тело дрожит, от напряжения.
Архимагистр;Послушайте меня, Дознаватель. То, что вы обнаружите в Ордене не то, чем кажется. Я прошу вас не судить моих сестёр. Если я  грешна, то сама и понесу за это наказание. Но я никогда не признаюсь в государственной измене. Монарх не говорит вам всей правды. На самом деле…
0;На последнем слове губы Архимагистра мягко разжимаются и голова бессильно падает на грудь.
0;Ты подходишь ближе к заключенной и приподнимаешь её голову. Бедняжка хотела предупредить тебя о чём-то, но силы совсем оставили её измученное тело.
1;Оставить пленницу в покое.;Попытаться привести Архимагистра в чувство, ударив несколько раз её по щекам.;Провести большим пальцем по верхней губе Архимагистра.
0;В темницу заходит ваш поручик.
Поручик;Сэр, я здесь чтобы сообщить вам о том, что всё готово к нашему путешествию.
0;Ты отпускаешь голову Архимагистра и благодаришь поручика. Что она хотела сказать? Неужели Монарх и правда пользуются тобой как фигурой на шахматной доске. Тебе не хочется в это верить. После стольких лет, проведённых в допросах предателей, лжецов, изменников и еретиков твоя душа зачерствела. В конце концов, твоя дружба с Монархом единственная светлая вещь в твоей жизни.
0;Слуга учтиво открывает дверцу кабинки экипажа перед тобой. Ты устраиваешься поудобнее на лавочке. В дороге будет достаточно времени, чтобы ознакомиться со всеми имеющимися деталями. Кучер издаёт громкое "Тррруу!" и щелчком поводьев отправляет лошадей в лёгкий голоп. Прямо за твоим экипажем верхом на лошадях едут твои верные помощники: Поручик и Архивариус. Вместе вы распутали добрую сотню дел и теперь вам вновь предстояла непростая работёнка…
0;Через окошко экипажа тебе открывается вид на монастырь, по совместительству главный штаб Ордена. Его громоздкие стены, будто отлитые единым монолитом, вызывают в твоей душе благоговейное почтение перед его создателями. ;Ты слышишь, как хрипят лошади, вытаскивая карету через крутой склон - единственную дорогу к воротам монастыря. Стратегически успешное решение отстроить крепость на горе было не самым практичным, с точки зрения простого быта. ;На пути вашего экипажа тут и там встречаются поломники, пилигримы и просители. Кучер аккуратно ведёт лошадей, чтобы те не случайно не зацепили истощенных пешим походом гражданских. ;Наконец, экипаж останавливается перед главными воротами монастыря. Покинув пыльную кабинку кареты, ты в первую очередь принимаешься за лёгкую разминку. Нужно дать мышцам прийти в себя, прежде чем покорять длинные коридоры монастыря. ;За разминкой есть время пристально изучить могучие ворота. Хоть они и сделаны из дерева, но для большей прочности оббиты железом. Над воротами к верху поднята железная решётка. А в помещении над ними, в двух башнях, на тебя пристально смотрят несколько пар глаз дозорных. 
Поручик;Ну что, Мастер. Вот мы и на месте! Ну и махина, голова кругом идёт от высоты стен.
0;Ты безмолвно киваешь поручику.
Поручик;Я пойду вперёд, распоряжусь о том, что мы прибыли и нам нужна помощь с багажом.
0;Поручик берёт своего коня под уздцы и, насвистывая мелодию какой-то похабной песенки, направляется внутрь. Архивариус же принялся что-то срочно записывать в своём походном дневнике, поправляя постоянно сползающие на нос очки. ;Похоже, твой багаж находится в верных руках, ты направляешься внутрь. Внутренний двор монастыря вымащена камнем и, конечно, первым зданием, что видели посетители, был храм. Здесь совершались ежедневные молитвы, праздничные и траурные службы. ;Но что не мало важно, в случае нападения и разрушения ворот, храм превращался в неприступную крепость. Со своим несчётным количеством выбоин под стрелковые позиции лучников и железной массивной дверью, запирающуюся на железный засов весом в добрый центнер изнутри. ;Конюшня, по обыденности, расположена недалеко от ворот и своей протяжённостью убеждала в своей внушительной вместительности. Но тебя не волновало, смогут разместить здесь ваших лошадей или нет. ;Сейчас первоочередной задачой была встреча с заместителем Архимагистра. И, судя по чертежам крепости, которыми столь любезно снабдили тебя шпионы Монарха, командование Ордена распологалось в пятиэтажном здании, находящимся позади храма. ;Нагло вламываться к командиру не хотелось бы. Всё же, ты тут первый раз и пока не следует раскрывать твой уровень осведомлённости и знаний местной архитектуры. Оглядевшись вокруг, ты быстро приметил группу неофитов, направляющихся к главным воротам. ;Шесть новобранцев, одетых в смиренные серые мантии, сопровождает рыцарь Ордена. Она что-то говорит позади идущим неофитам, а те непринужденно улыбаются ей в ответ. Края её белоснежной мантии увенчаны золотыми нитями, что выдаёт в ней причастность к командующему составу.
1;Прошу прощения, благородный рыцарь. Я слуга Святой Церкви, прибывший к вам из столицы и спешу на встречу с заместителем Архимагистра. Не могли бы вы подсказать мне дорогу?;Я Инквизитор, прибыл по приказу короля. Где у вас здесь заседает командир Ордена.;Эй, рыцарь, где я могу найти твоего командира - заместителя Архимагистра?
0;Девушка складывает свои ладони перед грудью, в приветственном знаке для служителей Церкви. После чего велит своим спутницам подождать её у ворот. Неофиты проходят мимо тебя, украдкой кидая оценивающие взгляды. За спиной ты слышишь обрывки фраз, что шепчат эти ещё юные создания. ;"Посмотри на мантию…", "Такую в Инквизиции носят, точно вам говорю…" "Откуда тебе знать?" "Мы на уроках Церковной Иерархии проходили, дурочка. Если бы ты слушала, а не в облаках летала."
0;Рыцарь дождалась, пока новобранцы отдаляться на безопасное расстояние и улыбнулась тебе.
Умняка;Стало быть, вы - Инквизитор. Спасибо, что не представились перед неофитами. А то вместо тренировок сегодня бы получился очередной клуб сплетниц. Сами понимаете, девушки в этом возрасте ещё слишком ветрены и не серьёзны. И прошу меня простить, я не представилась. Умняка, Старший Воспитатель Ордена. 
0;Она протягивает тебе правую руку для рукопожатия, пока левой поправляет выпавший из под ободка белокурый локон.
Умняка;Очень хочется узнать как проходит командировка моей близкой подруги и по совместительству нашего Архимагистра. Но я спешу, к тому же, у нас будет ещё время для разговоров. А заместитель Архимагистра сейчас в своем кабинете. ;Вам нужно обойти Храм по левую сторону и сразу за ним вы и обнаружите Капитул. Поднимитесь на пятый третий этаж, в левой части увидите кабинет Архимагистра. Там как раз сейчас и работает заместитель.
1;Спасибо вам, Умняка. Хотелось бы поинтересоваться у вас, куда же вы всё-таки спешите.Благодарю вас, Умняка. Что ж, скорее поспешу к заместителю. А вам пожелаю прекрасного дня. Пусть Свет благословит вас и ваших учеников.;Благодарю вас, Умняка. Что ж, скорее поспешу к заместителю. А вам пожелаю прекрасного дня. Пусть Свет благословит вас и ваших учеников.;Понятно, что ж, я пошёл.
Умняка;О, сейчас у нас по плану верховая езда. Видите ли, внутри монастыря мы можем позволить себе расквартировать только рыцарских лошадей. Орден содержит огромный конный двор расположенный на северной границе города. Оттуда мы совершим небольшой бросок по большаку в лесах. А после обеда мои девочки будут раздавать довольство неимущим на центральном рынке города.
1;Прелестно! И на этом не смею вас больше задерживать.
0;Умняка прощается с тобой, исполнив неглубокий реверанс. Поклонившись ей, вполовину, ты направляешься в Капитул.;"Хм, значит вот он какой Старший Воспитатель Ордена. Буду с нетерпением ждать продолжения нашего знакомства.";День продолжается вполне себе сносно, солнце греет твои широкие плечи, а от чистоты горного воздуха немного кружится голова. То, что тебе нужно. После пасмурных и прохладных деньков, проведённых в столице. Возня с бумагами и годовыми отчётами всегда тяготила тебя. Поэтому радость от возможности поработать "в поле" заполняла тебя.;Ты было приоткрыл дверь в Капитул, как тебя тут же сбили с ног, распохнув её с другой стороны. Пролетев через приступок, ты полетел спиной прямиком на каменную дорожку. Отточенные годами рефлексы сработали быстрее, чем ты понял, что происходит. Поэтому ты успел подогнуть ноги и приземлиться на корточки.;На крыльце капитула наблюдает за тем, как ты отряхиваешься, рыцарь ордена. Её нахмуренные брови и сжатые губы свидетельствовали о том, что она сильно рассержена. Но в её глазах на мгновение промелькнуло удивление. Или тебе же просто показалось. 
Альтушка;Да плевать.
0;Ты было хотел что-то сказать, но рыцарь быстро прошагал мимо тебя.;"Кто-то явно не в духе";Ты проходишь внутрь Капитула и поднимаешься к обозначенному Воспитателем кабинету. На входе висит деревянная табличка "Архимагистр". А в коридоре, неподалёку, дежурит рыцарь, вооружённый полуторным мечом. Поравнявшись с рыцарем, ты демонстрируешь ему указ с королевской печатью. Рыцарь молча кивает, разрешая тебе пройти дальше.;Можно смело сказать, что кабинет Архимагистра куда больше твоего в столице. Большую часть занимают стеллажи с книгами учёта, доходов, различными приказами, указами и прочее прочее прочее. В правом углу кабинета расположился макет-карта с расставленными на них силами Ордена, Монархического королевства, Эльфов и Восточного королевства. А в центре за письменным столом сидела заместитель Архимагистра. ;Она быстро водит пером по пергаменту, пока читает какой-то документ. Сейчас день и ей хватает натурального освещения, пробивающего сквозь огромное круглое окошко за её спиной. ;Бесчисленные стопки документов, расставленные на столе и на полу вокруг, вызывают впечатление беспорядка. А раскрасневшиеся от недостатка сна глаза заместителя свидетельствуют о затяжном рабочем дне. ;Увидев тебя, она на секунду отрывается от документов.
Мать;Ах, Инквизитор, приветствую вас от лица всего Ордена. Я - Мать, правая рука Архимагистра. Как добрались?
1;Спасибо, довольно комфортно, знаете ли. Дорога была нудной и скучной. Если честно, мне хотелось бы приступить к работе как можно скорее.;Добрался и добрался. Одно это и главное. Не люблю попусту трепаться. Может уже перейдём к делу?;Ужасно. Просто отвратительно. Постоялые дворы юга, в коих мы останавливались, кишат мышами и тараканами. Страх берёт, понимая как тут дела обстоят плохо. А ведь земли вам сам Монарх под управление вверил.
Мать;Божий человек, так ещё и трудоголик. А вы мне начинаете нравится, Инквизитор. Ну хорошо. Я с радостью помогу вам в вашем непростом деле. Позвольте же спросить, какого рода кооперации вы ожидаете от меня?
Я;Мне нужен полный доступ к вашему архиву. Так же мне необходимо переговорить с вашим офицерским составом. С некоторыми рядовыми для полноты всей картины, если потребуется. Так же мне нужна полная свобода перемещения внутри вашей обители.
Мать;Хм. Я сейчас же распоряжусь сообщить нашему Архивариусу про легитимность вашего пребывания в библиотеках ордена. Офицеры будут осведомлены сегодня за обеденной трапезой. Так же вас разместят в нашем гостевом домике. Обычно к нам приезжает Епископ, погостить. Единственное,  вам запрещено посещать Казармы в ночное время, сами понимаете почему.
0;Вы кротко киваете, прежде чем задать вопрос.
Я;Что насчёт моих спутников?
Мать;К сожалению, людям их ранга не положено жить среди наших послушниц. Так же им дозволено посещать только Храм и гостевой домик. Они будут расквартированы на постоялом дворе в городе. Там же есть Церковь для молитв. 
0;Это немного усложняет дело. Но ничего страшного, Поручик весьма хитёр и ловок , когда дело касается ночного шпионажа. Его таланты сильно помогли при расследовании дела "Справедливой Луны".
Мать;Если на этом всё, Инквизитор, я бы хотела попросить вас оставить. Как видите, работы у меня тут на несколько Крестовых Походов.
1;На самом деле есть ещё одна вещь, интересующая меня. Перед тем как войти меня чуть не сбила с ног рыцарь с фиолетовыми волосами. Могу ли я узнать её имя?;. О, на этом всё, магистр. Но позвольте мне узнать, могу ли я поужинать сегодня в вашей компании? Уверен, у людей высокого ранга, найдётся что обсудить. Я действительно утомился после такой долгой дороги. Совместный ужин помог бы мне вернуться в колею…;Да, на этом всё, магистр. Спасибо и на этом с вами прощаюсь.
0;Правая бровь Магистра приподнимается, буквально на долю секунды. И тут же возвращается на своё привычное место. Эта женщина хорошо контролирует свои эмоции, что впрочем, неудивительно. 
Мать;Ах, это. Что ж, это моя "Ахиллесова пята". Альтушка, Инструктор по владению мечом. Видите ли, у неё непростой характер и зима ей даётся особенно тяжело. ;До крестового похода она занималась патрулированием границ. Как вы знаете, результатом последнего похода стало временное перемирие с эльфами. Поэтому на границу призвали новобранцев. А Альтушку Архимагистр вернул в монастырь. Я нахожу это решение правильным. Ведь у неё огромный талант и, будьте уверены, на всё королевство вам не отыскать лучшего фехтовальщика. ;Но Альтушка не находит решение Архимагистра правильным. И поэтому активно от них отлынивает. А я…
0;Магистр делает глубокий вздох, перед тем как продолжить. Ты видишь, как её изящные плечи вздымаются под тяжестью могучей груди.
Мать;А я пытаюсь вытрясти всю ребяческую дурь из её головы. Извините, если она как-то принизила вас, там внизу.
Я;Нет, ничего страшного. 
0;Магистр улыбается, после того как слова мягко и почти тепло слетают с твоих губ. Своими длинными и белыми, как кость, пальчиками она берёт маленький колокольчик, стоящий на краю стола. ;*Динь-динь!* раздаётся по всему кабинету. Вдруг, между стеллажами книг открывается дверь, до этого момента совсем незаметная. И в помещение заходит послушница, разодетая в серые одежды. Она делает глубокий реверанс в твою сторону, при этом её глаза не отрываются от пола ни на секунду. Так же исследуя пол, она подходит к Магистру и наклоняет свою голову ближе к своему ментору. ;Магистр что-то шепчет ей на ухо. Ты слышишь, что речь идёт о поручениях на твой счёт. Наконец, послушница смиренно кивает и быстро, но беззвучно выходит из помещения.
Мать;Вот и всё, Инквизитор. На выходе вас встретят мои послушницы и проводят вас к гостевому домику. Потом сможете пройти в Архивы. До скорой встречи!
0;Пухлые губы Магистра растягиваются в небольшую улыбку. Она складывает свои руки в Знаке Спасителя. В ответ ты так же сотворяешь похожий жест.;На выходе из Капитула тебя встречают две послушницы. Поприветствовав друг друга вы направляетесь к твоему новому жилью.;"Хм, значит между Магистром и этим инструктором определённо конфликт. Но насколько он силён? И могу ли я использовать эту "Ахиллесову пяту"? Ладно, сначала залезу в Архивы, составлю картотетку. А потом уже можно будет продумывать какую, а никакую стратегию…
0;Что ж, довольно скромная обитель. Но это и неплохо. Широкая кровать с железным каркасом и соломенной подстилкой. Небольшой письменный столик со свежей банкой чернил и пером. Рядом покоится стопка чистых пергаментов. Можно скзаать, что Магистр позаботилась о том, чтобы у тебя было все необходимое для твоего расследования.
0;На входе стоят три походных мешка с твоей одеждой, инструментами и кинжалом. Раньше ты не любил пользоваться холодным оружием, хоть и владел им на хорошем уровне. Но что-то заставило взять с собой этот, пусть и маленький, но всё же предмет самозащиты. ;Всё из-за "Праведной Луны". Это точно. Проклятые культисты чуть не закололи тебя, когда ты сунулся в их осиное гнездо безоружным.
0;Ты достаёшь из походного чемодана свою мантию. Это небольшой повод для радости - возможность сменить запылённую дорогой одежду. Хотя, конечно, на лице твоём сохраняется полная отчуждённость к происходящему. Послушники вручили тебе карту их обители. Так что можно сразу же отправляться в Библиотеку с её архивами. ;У тебя есть свой метод. Стиль, если можно так выразиться, при исполнении своих обязанностей. Поэтому перво-наперво нужно сверить все записи. Выявить исторические неточности, недочёты. Человека уличить во лжи куда легче, имея туз в рукаве. ;Для настоящего государственного переворота необходимо крупное финансирование. Орден на него способен, в этом сомнений нет. А вот способны ли Архивариусы ордена хорошо спрятать свою ересь в монетном учёте? Вот это и может стать твоим "Тузом в рукаве"…
0;Путь к Архиву тебе предстояло найти самому. Отозвав сопровождение Магистр демонстрировала полное доверие тебе. Либо же посчитала, что карты будет достаточно и направила людей на более важные задания. Архив находился в северной части крепости, совсем недалеко от тренировочных ям. ;Когда-то давно, ещё на заре становления Ордена, эти ямы выкопали первые крестоносцы для проведения грубых спаррингов. Мягкий песок, которым высыпали дно, позволял сражаться как с оружием, так и в рукопашную. Скорее всего, кто-то из первых крестоносцев до своей клятвы был гладиатором из южных земель. Там тебе доводилось видеть похожие сооружения. ;В них, на потеху толпе, пару раз в неделю гибли рабы-гладиаторы. Кровавый спорт так сильно нравился простолюдинам, что ставки на самых титулованных бойцов достигали просто неприличных сумм. Стоит ли говорить, какой политический и социальный статус имеют в этих землях Доминусы - владельцы гладиаторов. Монарху приходится считаться с их мнением и учитывать их желания. Как бы ему это и не нравилось.
0;Удивительно, что такая варварская и абсолютно богопротивная затея не изжила себя здесь.;Сейчас в ямах, судя по всему, тренируются новобранцы. Хотя тренировка слишком сильно сказано. Бедолаги поочерёдно атакуют тренировочным оружием того самого инструктора, который чуть не сбил тебя дверью. Их удары не точны, а сами они довольно неуклюжи в обращении с оружием. Некоторые из них просто путаются в ногах и беспомощно падают на песок. ;Альтушке только и остаётся, что больно укольнуть лежачих в бок остриём своего меча. 
0;Такой непрофессиональный подход к обучению слегка раздражает тебя. Может быть стоит воспользоваться моментом и "пощупать" из чего состоит лучший фехтовальщик Ордена? Её душа всё ещё гневается из-за утреннего укола, нанесённого Магистром.
1;Вмешаться.;Пройти мимо.
Альтушка;Ну, так и будете валяться на песке весь день? Откуда вы такие только и взялись. Падаете, едва удар нанесёте. Вам должны быть стыдно!
0;Подойдя ближе к ограждению ты только и слышишь, как Альтушка ругает молодняк.
1;Эй, разве так следует относится к своим подопечным? Как они могут научиться чему-то, если ты только их избиваешь?;Прошу прощение за вторжение. Но мне кажется, что вы слишком жестоки по отношению к ним. Они же ещё совсем дети.;Хорошо тебе говорить,  ветерану многих войн. Готов поспорить, что тебя инструктора по-другому воспитывали
0;Альтушка удостоила тебя злобным взглядом. На её скулах заиграли жвалы, тебе явно удалось нащупать нужную струну.
Альтушка;Тебе-то какое дело, чинуша? Разве не слышал, что не ходят со своими правилами в чужой монастырь? В их возрасте я уже во всю билась с эльфийскими бандитами на границе Государства!;Да чего я тут распинаюсь, перед церковником. Понимал бы чего в искусстве ведения битв. А вы!
0;Альтушка поворачивается назад к своим подопечным. Многие из них до сих пор так и сидят на песке, потирая ушибленные места. 
Альтушка;Быстро приняли атакующую стойку! Тренировка ещё далека от завершения!
0;Ты замечаешь, что кто-то из них смотрит на тебя с мольбой в глазах. Всё же в боевых действиях ты кое-что понимал. Но стоит ли раскрывать свои таланты сейчас?
1;Думаю будет лучше, если ты дашь отдохнуть детишкам и сразишься со мной. Просто показательный бой с кем-то, кто обладает базовыми навыками ведения боя. Что скажешь?;Я сильно возмущен вашим поведением и обязательно сообщу Магистру. Как по мне тут происходит полное нарушение воинской этики!;Молча продолжить свой путь к архиву.
0;Хоть Альтушка и стоит к тебе спиной, но ты будто спинным мозгом чувствуешь, как она улыбается. Рыбка клюнула, не хочет упускать возможность выплеснуть свою злость на новую игрушку. Вот только играть с ней будешь ты.
Альтушка;Ну что ж, чинуша. Бери оружие и выходи на ринг.
0;Новобранцы быстро покидают яму, занимая зрительские места вокруг деревянной ограды. Ты подходишь ко стенду с тренировочным оружием.
1;Взять длинный меч.;Взять парные клинки.;Взять копьё.
0;Ты немного жонглируешь мечом, привыкая к его весу в руке и удовлетворившись результатом выбора встаёшь в боевую стойку напротив Альтушки.
0;Её фиалковые глаза горят огнём ненависти, она выносит одну руку вперёд, будто бы приглашая тебя начать опасный танец. ;Ты делаешь рывок вперёд и совершаешь ложный выпад одним клинком. Она спокойно парирует его, на что ты и рассчитывал. Навершием другого клинка ты ударяешь в бок своего противника. 
0;Альтушка, теряя равновесие, делает пару шагов назад. Отовсюду слышатся восхищённые вздохи новичков. Скорее всего это первый раз, когда они видят своего инструктора получившим удар. ;Но радость их преждевременна, ведь как только Альтушка нащупала точку опоры, она тут же переходит в атаку. Удар, другой удар. Ты с лёгкостью парируешь эту атаку, двумя то клинками. Но вот она совершает ложный выпад и в конце своего замаха меняет цель, с твоего горла на твоё колено. ;Ты спешишь отразить этот удар, но в последнюю секунду она переводит кончик меча к другой твоей ноге и жалит тебя в бедро, заставляя опуститься на одно колено. ;Довольно болезненный укол дрожью проходит сквозь всю твою нервную систему. Альтушка усмехается, глядя на тебя сверху вниз. Она специально целилась тебе в нерв и это только начало твоего унижения на песке.
0;Усталость от дороги всё же сказывается и вряд ли тебе удастся вести длительный бой. Пара успешных атак - лучшее на что ты можешь надеется. Скорость, с которой она меняет вектор движения своего тела поражает. Возможно  и отдохнувшим тебе будет нечего ей возразить в этом упражнении.
1;Отбросить в сторону клинки.;Продолжить битву.;Совершить подлость.
Я;Хорошо, ты победила. Я признаю своё поражение.
0;Альтушка фыркает, она явно не довольна таким поворотом событий.
Альтушка;Мда, я надеялась на что-то большее. Теперь будь так добр и покинь тренировочный круг. Дай мне заняться делом.
0;Ты молча киваешь и покидаешь яму, уступая место новичкам. Они нехотя встают перед своим инструктором, готовясь к очередному "уроку". 
Альтушка;Встаньте на расстоянии в пару шагов друг от друга. Опустите руку с мечом, крепко держась за рукоятку. Левую ногу вперёд, немного согните в коленке. Вот так.
0;Ты постепенно удаляешься от тренировочного круга. Из этой короткой перепалки тебе удалось вынести кое-что полезное. Альтушка явно очень темпераментна. Ты это используешь в будущем. Главное, что она тебя запомнила. И то, что в данный момент она не колотит бедняжек, а ставит им удар только говорит, что тебе удалось её предрасположить к себе. Пусть ненамного, но и это результат.
0;Прихожая Архива была довольно скудной, даже по монашеским меркам. Стены и пол состояли из монолитного гранита. Прибитые с обеих сторон коридора подсвечники скудно освещали тебе путь к главному залу. ;Единственное, что удивило тебя здесь, так это запах лилий, что будто повисал над теплом исходящим от свеч.
0;Вряд ли бы нос обычного человека смог бы почуять нечто подобное. Ты знал, что человеческий организм куда более скован в своих сенсорных центрах.
0;А вот главный зал действительно заставлял ахнуть! Огромные, идущие до самого потолка стеллажи были забиты рукописями. Только и вдуматься, сколько здесь? Три? Четыре? Может быть пять метров? Каждый стеллаж делился на несколько отделений и наверху такого отделения красовалась выбитая деревянная табличка. ;Вот здесь хранились трактаты по Философии, здесь по Теологии, здесь Учения древнего мира. С другой стороны зала покоились рукописи хранившие в себя дела более насущные. Законы Монархии. Со всеми следующими поправками. Юридическое право. Устав Ордена. Летопись Ордена. Здесь было всё. Осталось найти Архивариуса.
Скромняга;Ай!
0;Послышалось тебе и тут же резкий грохот окончательно разорвал тишину главного зала. Шум доносился с северной части, за дальнем для тебя, стеллажом. Подойдя ближе, ты увидел, как перед тобой  на полу распласталась девушка с полузакрытыми глазами. ;Возможно, несколько книг упали ей прямо на голову и она потеряла сознание. В этом нельзя быть увереным, вдруг притворяется? Но ты точно уверен, что именно от неё по всему Архиву летает чудесный лиловый запах.
1;Коснуться её ладони.;Коснуться её ладони.;Потрясти за грудки.
0;Ты осторожно касаешься нежной ладони девушки, перед тем как спросить всё ли с ней впорядке. Она открывает глаза и тут же её бледные щёчки приходят в румянец. Она поспешно встаёт, поправляя своё длинное платье и большие круглые очки, с позолоченой оправой.
Скромняга;Спасибо, вам. Просто я неуклюжая была. Взяла и свалилась с этой лестницы. Сейчас уже со мной всё хорошо, не волнуйтесь!
0;По её беглой речи становится ясно, что мужчин здесь она встречает не часто. 
Скромняга;Я - Скромняга! Главный заместитель нашего Архивариуса! Да и вообще, единственный, раз уж на то пошло. Нас тут всего-то двое. Она и я, вот. А вы по какому вопросу-то?
Я;А вам разве не сообщили?
0;Скромняга изовсех сил напрягает свой лобик, но в итоге делает глубокий вздох и начинает мотать головой.
Скромняга;Нет, но если сообщить-то сегодня должны были, то не могли, я недавно пришла. А если не сегодня, то вы уж простите я стало быть забыла!
0;На последнем слове она широко улыбнулась; "И что это её так развеселило?"
1;Я прибыл по важному делу для нашей общей матери Церкви. В рамках реорганизации подчиняющихся ей структур мне повезло быть тем, кто поможет вашему Ордену внедрить инновации. Разработанные совместно с вашим Архимагистром. Зовите меня - Дознаватель.;Я - инквизитор святой Церкви. Мне нужен полный доступ к Архиву Ордена для расследования.;И как с такой рассеянностью и неукложестью попадают на такие ответственные должности. Ведь ты как будущий Архивариус должна запоминать много важной информации, позор!
Скромняга;Очень приятно познакомится! К сожалению, моя начальница немного приболела и не сможет вам помочь. Хоть оно и не удивительно. Ей уже очень много-много лет. Но я буду тут и всегда отвечу на любой ваш вопрос. Правда-правда. ;Меня уже два года готовят к должности Архивариуса! В боевых тренировках я не смогла добиться каких-либо успехов. Поэтому наш Архимагистр и послала меня сюда. Чтобы хоть кто-то смог разгрузить старушку Библиотекаршу. ;Значит настоящая "реорганизация". Вау! Мне так не терпится увидеть, как вы реорганизуете!
0;Вот опять, улыбается чему-то.
Я;Мне нужны отчётные книги Ордена за последние пять лет. Списки неофитов, искателей. Перепись подрядчиков, работающих с Орденом. Поставщиков сырья, продовольствия. Доходные книги.
Скромняга;Ух, таких скучных книг у меня тут полно. Они все вон там!
0;Своим тонким пальчиком Скромняга указывает на крайний стеллаж, расположенный у правой стены.
Скромняга;И вон там! И прямо до самого верха идите. Что там вы ещё хотели… Ах да. Доходные книги и расходные книги в другом зале. Идёмте за мной.
0;Второй зал мало чем отличается от первого. Разве что в центре него расположено чуть больше читательских столов.
Скромняга;Вот. Тут у нас всё что с золотом и деньгами связано. А как вообще такое может помочь с вашей этой "реорганизацией"?
0;Вот чёрт. Она со своими этими вопросами лезет куда не надо! Вообще, можно и пригрозить ей в официальной манере. А то общается тут себе как на базаре. Или же стоит с ней подружиться?
1;Ну, очень просто. Вот к примеру, у вас есть поставщик дров на Зиму. Но он находится от вас за много мил и из-за этого его цена за пройденный повозкой путь, удваивается или даже утраивается. Но при этом недалеко от вашей Обители есть другой точно такой же подрядчик. Но свои-то дрова он отправляет каким-нибудь Сёстрам Милосердия или Клирикам Нового дня! Ну а в масштабах нашей любимой Церкви многие вещи происходят недостаточно эффективно и рассточительно, вы же понимаете?;Рыба;Рыбёшка
Скромняга;Понимаю, понимаю. Наш Архимагистр то-то и поехала в столицу. Она уж очень давно хотела там какую-то "реформацию" устроить. Вот она бы вас поняла, с вашей этой "реорганизацией!".
1;Я начинаю думать, что вас забавляют столь серьёзные вещи.
Скромняга;Нет, что вы. Что вы!
0;Она так энергично качает своей головой, что кажется, будто она шарнирчике.
Скромняга;Просто мне это всё кажется скучным. Какое мне тут дело до всего этого. Наша Архимагистр и Верховный Дьяк придумают новое. А мне с того только работы больше. Оформляй новые стеллажи, делай новые выписки и подсчёты. Фу, скукота.
1;Но это ваша работа. Должно же быть что-нибудь в ней любимое вашему сердцу.;"Человек должен выполнять вверенные ему обязанности. Таков священный его долг перед Церквью.";Мда уж. Вот я бы точно нашёл себе занятие, будь я в твоей должности!
0;После твоих слов в её глазах забегали маленькие лиловые огоньки. Будто бы только этого вопроса она и ждала.
Скромняга;Конечно! У меня же у одной тут безграничный и нерегламентированый доступ к рыцарским романам! Могу читать их сколько угодно и когда угодно.
0;Скромняга слегка наклоняется к тебе и прикрыв ладошкой рот шепчет.
Скромняга;Главное чтоб старуха моя не узнала. А то по шее надаёт. Так что, вы уж сударь, пожалуйста, не доносите на меня. А я вам за это помогу с вашей "реорганизацией!"
0;Ты учтиво киваешь, принимая такие правила игры.
Скромняга;Ну что, с чего вы хотите начать?
1;Начнём с перепеси послушников Ордена.;С книги финансов за последние пять лет.;Список подрядчиков и субконтрактников Ордена за эту декаду.
Скромняга;Хорошо! Сейчас принесу по томику нам обоим. А вы пока усаживайтесь поудобнее за столом.
0;В двоём глядишь и вправду быстрее дело-то пойдёт. Эх, сюда бы ещё поручика. Но его задание не менее важно. Пусть вызнает, что там в городе происходит. ;Есть у него талант, среди грязи и плебеев находить нужную информацию. Если уж Орден действительно с эльфами в сговоре, то должны быть какие, а никакие слухи. 
Скромняга;От и я! Заждалися небось!
0;Две обтянутые телячьей кожей книги с золотой нитью вышитой по корке, плюхается на стол прямо перед твоим носом. 
Я;Здесь ведь все члены Ордена, начиная с его создания?
Скромняга;Агась. На каждоую мою сестру здесь выделено по одной странице. Мы начинаем вести запись в момент, когда неофит становится послушником. И на всю её земную жизнь тут есть три колонны. Послушник/Рыцарь/Офицер.;Мы записываем сюда как проступки, так и подвиги. И когда сестра умирает, на её похоронах Магистр зачитывает всё то хорошее, что было сделано усопшей. Для благодарности от оставшихся сестёр. И всё плохое, в назидание оставшимся сёстрам. ;Это оооочень древнее правило. И очень нудное. Каждый раз записывать это всё я же с ума сойду! Может вы его как раз-таки и упраздните, а, сэр Дознаватель?
1;*Вздох*, я приму твою просьбу к сведению, когда буду составлять окончательный рапорт Дьякону.;Окунь;Щука
Скромняга;Ура! Ура! Работать с вами одно удовольствие!
Я;Какого возраста самая старая сестра в Ордене?
Скромняга;Ух, ну и вопросики у вас, сэр Дознаватель. Такое у дам, вообще-то, спрашивать неприлично, но…
0;Скромняга немного наклоняется вперёд.
Скромняга;*шёпотом* Моя старуха тут самая старая, будьте в этом уверены. Ей уж давно за девяносто. Уверена, она ещё и первого Архимагистра живой помнит, хи-хи.
0;В заговоре может участвовать кто угодно, так что делать нечего. Стоит начинать практически с самого начала.
Я;Хорошо, тогда с её страницы я и начну.
Скромняга;Сэр Дознаватель, а можно вопрос?
0;Ты учтиво киваешь.
Скромняга;Так а как это вам поможет-то? Ну прочтёте вы про моих сестёр и что с того? Будете их в званиях менять чтоли? Вы тогда и меня поменяйте! Хочу быть странствующим поэтом! Ну и что, что такого нет. А вы сделайте!
Я;Ну, эм. *Кхм*. Все на самом деле просто. На основе этих данных я смогу составить примерную диаграмму того за какие качества чаще дают офицерские звания. ;Это поможет Ордену распознавать на совсем ранних этапах подходящих кандидатов в офицеры и готовить их по новой, придуманной вашей Архимагистром, программе.
Скромняга;Хм, жаль. Видимо так и буду чахнуть под присмотром своей старухи. Ну ладно. Я пойду закончу инвентаризацию, а вы, если что - кричите. Я тут же подойду!
0;Скромняга делает неглубокий реверанс и, хихикнув, уходит, оставляя тебя наедине с пыльными талмудами Ордена.
0;*НАСТУПИЛ ВЕЧЕР*
0;Сложно сказать, сколько времени минуло с момента, как ты переступил порог Архива, ведь окна в здании совершенно отсутствовали, но по догорающей свечке, чей воск уже почти что расползлся в огромную лужу, можно с уверенностью заявить, что время уже позднее и пора бы тебе лечь спать. ;Ты решаешься пролистать ещё несколько страниц с именами послушников Ордена. Знакомое имя тут же привлекает твоё внимания. Это страница Альтушки.
1;Аккуратно подрезать страничку и забрать её с собой.;Оставить всё как есть, вырванную страничку с лёгкостью заметит Скромняга. Зачем такие риски?
0;Прислушавшись к звукам Архива ты ничего не слышишь, кроме размеренного посапывания Скромняги. Ты достаёшь свой кинжал и практически у самого переплёта отрезаешь страницу. ;Она пригодится в расследовании. Можно будет отдать её поручику, чтобы он мог разузнать об Альтушке побольше за пределами Ордена.
0;Дело сделано! Можно спокойно идти отдыхать. Ты гасишь свечку и направляешься к выходу, где за стойкой администрации во всю сопит Скромняга. Подпирая рукою какую-то книгу, она, видимо, уснула и плюхнулась своей головой на предплечье. ;Её растрёпанные волосы почти полностью скрыли собой раскрытую книгу, но кое что тебе всё же удалось разглядеть:
0;"…своими нежными руками Тристран прикоснулся к лицу принцессы. Она тут же почувствовала жар, исходящий от его кожи, пахнувшей росой и жасмином. Тристран медленно опустил свою голову так, чтобы их глаза были на одном уровне. Принцесса…"
0;Хм, интересно. Конечно, любителем романов ты не был. Но где-то имя Тристран тебе попадалось. Нужно будет обязательно уточнить у своего Архивариуса. Хотя и не то, чтобы Скромняга сильно могла ускорить расследование. Слишком уж мелкий чин у неё в Ордене. Но кто знает, какие тайны хранит её сердце? Её хрупкое, невинное, чистое сердце…
0;*Конец первого дня*
0;Это должно быть солнце, что так ласково косается своими лучиками твоей кожи. И это должно быть трава, что так яростно шелестит под твоим телом. Солнце разогрело и её тоже. Одного ощущения достаточно, не нужно открывать глаза. Кажется, можно так вечно лежать у реки и нет причин куда-то спешить. Так может пройти целый день. Или неделя. И даже год… Тебе всеравно. ;Но вот, трава рядом с тобой прогибается, под чьими-то ногами. Кто-то, кто тебе знаком. И… Дорог? Пришелец из внешнего мира что-то шепчет. Но ты не можешь разобрать его слов и просишь его нагнуться поближе. Человек наклоняется и тихо произносит тебе на ухо: "Всегда…"
0;День второй 
0;И всё же воздух здесь куда более разряженный, чем в столице. В пользу этого свидетельствует непривычная для тебя энергия в теле. Тебе удалось невозможное - ты выспался. Или просто долгая дорога сказалась? ;Как бы там ни было, а наступил второй день твоего пребывания в Ордене. Нужно умыться и поспешить навстречу с подчинёнными. Узнать, что удалось им выяснить в городе за прошедшие сутки. ;Снаружи, у двери дома, кто-то оставил ведро чистой воды и махровое полотенце. Ты приветствуешь часовую, что охраняла твой сон и благодаришь её за службу. Она молча делает руками крест и возвращается назад в стойку смирно. Её сюда поставили скорее следить за тем, чтоб по ночам ты не шастал, куда не следует. Это уж точно. ;Умывшись, ты направляешься к Конюшне где просишь выдать тебе коня. Конюх, конечно, предлагает снарядить тебе карету, положенную по статусу, но ты отказываешься. Лучше совершить вылазку на легке. В неприметной одежде и на самой обычной лошади. До города всего ничего - четверть часа лёгким галопом и пришпорив коня ты отправляешься в путь.
0;И так, перед тобой трактир "Ржавая шпора". Та ещё дыра, если подумать. Даже по местным меркам. Скрытая в глубине кварталов ремесленников, идеально подходит для повседневных встреч с помощниками. ;Трактир, конечно же, предложил поручик. В свою бурную молодость он искалесил практически всю страну и знал, какие места больше подходят для тёмных делишек. Хоть с тех пор он и занимался в основном "светлыми", но всё ещё делишками. ;Зайдя внутрь, ты бегло осмотрел присутствующих. Время совсем ещё раннее, поэтому из посетителей здесь только пара зевак, сонно хлебающих свою гороховую похлёбку. ;Бармен, тучный мужчина с очень волосатыми руками, бросил на тебя тяжёлый взгляд из под своих косматых бровей. Ты кивнул ему. Он кивнул в ответ. Не произнеся и слова, хозяин заведения направился наверх по лестнице, видимо, на второй этаж. ;Ты последовал за ним. На втором этаже он сдавал комнаты Поручику и Архивариусу. Трактирщик ожидал тебя на конце лестнице и, когда ты с ним поровнялся, он указал пальцем на комнату с номером "22". После чего он тут же удалился назад к своему рабочему месту. Ты подошёл к дверце указанной комнаты.
Поручик;А вот и шеф пожаловал!
0;Архивариус при виде тебя улыбнулся и сложил крестом руки на груди. Ты сложил свои руки в ответ. Твои подопечные сидели за столом и пили сливовое пиво. Под руками у поручика были разбросаны какие-то листы, исписанные его корявым и одному ему понятным почерком. Архивариус же, напротив, выстроил небольшую башенку из книжек с права от себя и стопку чистых пергаментов вместе с пером и чернильницей слева.
Поручик;Ну давай, шеф, рассказывай. Как спалось в обители девиц? Небось успел уже кому-то под латы залезть. Ну, что у них там, под кольчугой-то?
Архивариус;Опять ты за своё…
Поручик;Ой да брось ты, мормон чёртов. То не знаешь начальника нашего. Ему только дай волю там весь Орден быстро переедет на улицу "Прекрасных дев" в столицу.
1;Напомни, почему я до сих пор тебя терплю?;Карасик;Ухбляяя карасик мой карасик
Поручик;Потому что а) Я чертовски красив б) Я чертовски полезен. Тебе-то шеф по статусу не положена в грязных понтолонах швырятся. А уж этот в обморок упадёт при первом "щекотливом" задании. Но я тебя понял, давай сразу к делу.
0;Поручик хорошенько прокашлялся и принялся что-то быстро искать в своих бумажках. Секунд тридцать он швырял из стороны в сторону свои записи, подняв нехилое облако пыли, от которого очки Архивариуса тут же потемнели и бедолаге пришлось протирать линзы.
Поручик;И так. Пока что я выхожу на контакт с местными контрабандистами и бандитами в законе. У них то уж точно Орден поперёк горла стоит. ;Но обольщаться не стоит, судя по характеристикам, преступных гениев среди них не обнаружится. Но кто знает. Есть тут один авторитет, он уже не первый десяток лет как бельмо на глазу у Ордена. И что у нас по городу…
0;Снова столп пыли и ворчание Архивариуса…
Поручик;Тут все не так просто… Видишь ли, для местных Орден чуть ли не Миссия во плоти многих сестричек в бронеливчиках. Губернатор, дворяне, крупные землевладельцы и агропромышленники - все лояльны Ордену до кончиков пальцев. Чёрт возьми, да для них Архимагистр чуть ли не Монарх, женатый на нашем Папе.
Архивариус;Сквернослов!
Поручик;Бла, бла, бла. Кароче я скумекал что к чему и можно тебя напрямую спросить, а? Шеф?
1;Валяй.;Селедка;Селедочка
Поручик;Монарх же не просто так нас сюда послал с "проверкой". Старый казанова своей тощей задницей чует, как к его булкам приближается нежная ручонка Архимагистра. Ведь так?
Я;Ну допустим и так.
Поручик;Ух, стало быть дело у нас и правда - закачаешься! Это будет похлеще тех сраных еретиков из "Праведной луны"! Авось и повышение словлю и избавлюсь, наконец, от общества этого скряги!
0;Поручик скомкал бумажку и бросил её в Архивариуса
Архивариус;Ай! Да и проваливай! Надоел ты мне, грешник проклятый. 
Поручик;Ладно, ладно. Расслабсья. Куда я от тебя денусь. С моим то прошлым повышений мне не видать. Но, шеф, кусок земли урвать будет неплохо. Для старости спокойной. Такое-то можно будет устроить?
0;Ты молча киваешь.
Поручик;Вот и славненько! В общем Орден этот - просто Оплот невинности. Каждая там чуть ли не святая Дева. Но, проболтавшись до самого утра я кое-что выяснил. ;По средам, в южном квартале проводятся нелегальные гладиаторские бои. Со ставками и человеческими жертвами, как полагается. Предприятие - полностью нелегальное и скрыто от взора закона глубоко в катакомбах в стокадах. ;И один из чемпионов этой арены - послушница Ордена! Никто не знает её имени, но каждую среду она выходит биться с желающим. Её лицо скрывает шлем с большим красным крестом на забрале. И она никогда не щадит бедолаг, рискнувших выйти против неё.
0;Поручик проводит быстро большим пальцем по прямой у кадыка.
Поручик;Это очень интересно. Ведь кодекс Ордена запрещает проливать кровь для потехи. И либо они не знают об этом, либо просто закрывают глаза.
0;"А вот это интересно. Подобный проступок будет расцениваться не меньше, чем как Акт Отступничества. Набери таких несколько и можно объявлять Ордену Анафему…"
Поручик;И это ещё не всё. По счастливой случайности, на рассвете, я наткнулся на другую послушницу. Вернее, наткнулась она на меня пьяного. После своей разведки я из последних сил полз по стенам и ступенькам назад, в эту скромную обитель. ;Как вдруг мимо меня пробежала девица и как заденет плечом! Я тут же равновесие потерял и прямо в лужу БАМ! Ну я не расстерялся и бросил камень ей в догону из лужи. Попал прямо в подол.. ;И она вдруг замерла, как статуя! И резко так вжух и ко мне подсокичла! А я абсолютно пьяный, шеф, у меня в глазах не то, что двоится, а четверится! ;И вижу, как бежит на меня этот отряд карателей. Я руками закрылся только и жду худшего. А она прямо передо мною встала, достаёт свой меч и как полоснёт меня!
0;Поручик засучил рукав и продемонстрировал тебе неглубокую, но длинную царапину. Рыцарь явно не хотел убивать твоего подичнённого, а только лишь поставить на место.
Поручик;Думал всё - убили меня. Так и найдут утром, в лужи крови на бульваре. Но нет, как зрение в норму пришло понял, что пострадала максимум моя гордость. А её, видит Бог, и так самая малость. ;Ну и короче обидчица моя пропала, пока я в себя проходил. Уверен, это тоже из Ордена стерва. Обычные гражданки с мечом в пять утра не шляются где попало и честных граждан не режут! На этом всё, шеф.
Я;Хм, значит как минимум два рыцаря занимаются самодеятельностью за пределами своей обители. Это уже что-то. И вот.
0;Из дорожной сумки ты достаёшь список с именами офицеров и их личной информации, переписанный из Архива. 
Я;Попытайтесь узнать как можно больше информации конкретно по этим рыцарям. Верхушка айсберга Ордена. Завтра я предоставлю вам полный список подрядчиков Ордена и его бенефициаров.И ещё.
0;Ты достаёшь вырванную страницу с информацией об Альтушке.
Я;Особое внимание уделите ей. Чутьё подсказывает, что она вкурсе всех тайн Ордена.
Поручик;Ой, шеф, так и скажи, что под юбку к ней залезть хочешь. Тут все свои.
Архивариус;Да как у тебя только рот открывается!
Поручик;Тише тише, коллега. Ну а что шеф, не прав я чтоли? Я же знаю твои методы. Очаруете прекрасную пташку и бац! Она уже в клетке. ;Уважаю тебя за это, шеф. И, наверное, поэтому с тобой и работаю. Остальные святоши как этот - скучные задроты. А ты ради дела не боишься и тело заморать и душу! А?
1;Может ты и прав, поручик. Но давай не будем тратить драгоценное время.;Тебя в рот выебет;Мертвый сом
Поручик;Как скажешь, шеф. Времени и правда - кот наплакал. Надо нам как можно скорее Монарха нашего умаслить результатами хорошими.
Я;Именно так. Поэтому на сегодня всё. Я назад, в обитель. Увидимся завтра утром!
Поручик;Бывай, шеф
Архивариус;Прощайте, наставник!
0;Набросив себе на голову капюшон, ты вышел из таверны. Чтобы не привлекать лишнее внимание, ты решил пройти пару кварталов, взяв лошадь под узду. А там уже можно будет оседлать коня и вернуться в обитель Ордена.
0;Город жил своей жизнью и по его улица рекой текли люди. Здесь люди разных профессий соседствовали друг с другом. Вот сапожник во всю мастерит каблук красному высокому сапогу, а совсем недалеко от него кузнец своей могучей рукой правит раскалённую подкову. ;Многие из этих мастеров тут же и продавали свой готовый продукт. А кто-то  не боялся и приторговывал контробандой из под навесов своих прилавков. Ты миновал квартал ремесленников и вышел к центральному кварталу. ;Тут уже совсем другой антураж. У каменных стен базара колеки просят свою милостыню, пока рядом зазывала приглашает мужчин отдохнуть в лучшем заведении, по простому говоря - в борделе.
0;"В столь ранний час? Неужели это работает?"
0;Ты было хотел уже сесть на лошадь, как в поле зрения угодил серый балохон, с красным крестом на груди. В десяти метрах от тебя стояла Умняка и что-то объясняла купцу. ;Она трясла перед его лицом каким-то пергаментом и активно жестикулировала, на восточный манер. Ты решил немного подождать, спрятавшись за своей лошадью. ;Умняка и купец пожали друг другу руки. Она широко улыбнулась ему и протянула небольшой кожаный мешочек, как пить дать, полный золотых монет. Немного отойдя в сторону, Умняка свистнула и с другой стороны улицы показались три неофита Ордена. В четвером они направились в твою сторону. ;Когда Умняка почти поравнялась с твоим конём, ты, как бы случайно, задом вперёд вышел и ударился об неё.
Умняка;Эй, аккуратнее уважаемый гражданин! Смотрите куда идёте!
Я;Добрый день, Умняка. И простите мне мою неуклюжесть. Вечно летаю себе в своих мыслях.
Умняка;А. Вы, Инквизитор. Здравствуйте. Какими судьбами в городе?
1;Нужно было повидать своих подчинённых. Есть кое-какие указания, требующие срочного исполнения. Ну и просто проведать, как принял их город. Всё ли в достатке у верных служителей Церкви.;Нерка;Это красная рыба такая
Умняка;Вот оно как. Ну что ж. Заботитесь о тех кто ниже вас рангом - похвально.
Я;А вы, я смотрю, каждый день в город выходите?
Умняка;Ну почти что да. У нас тренировки на полигоне за городом. А конюшни и склады - всё тут. Плюс я отвечаю за страждущих. Сегодня вот раздавали хлеб обездоленным.
0;"Интересно, много хлеба можно раздать без повозки или хотябы корзинок?" Руки неофитов были пусты и скромно покоились у них на подолах мантии.
Я;Благодеяния это хорошо. Ну что ж, не смею вас задерживать.
0;Ты складываешь руки крестом на груди. Умняка и неофиты молча отвечают тебе тем же. Дождавшись, пока рыцарь и её спутницы исчезнут за поворотом, ты проходишь вперёд к таинственному купцу. ;Он ушёл куда-то вглубь своей лавки, но тебе всё ещё слышно, как он ругает своего помощника. Ты не ошибся, это язык Восточной империи. Который, к сожалению, тебе не знаком. Но его хорошо знает Архивариус. Так что нужно будет придумать, как лучше подослать его к купцу. А теперь назад, в Обитель Ордена.
0;*Обитель ордена, около полудня*
0;В Архиве тебя дожидается Скромняка, в компании с пыльными стеллажами книг. Нужно обязательно за сегодня закончить с основными бумагами и передать всю информацию Архивариусу с Поручиком. А самому можно будет выйти "в поле". Посмотреть на те же гладиаторские бои в ямах.
Альтушка;Эй, инквизитор!
0;Кстати о ямах…
Альтушка;Как насчёт спарринга? Или ты успел набить себе брюхо на обеде? Держу пари, ешь ты не местную постную кашу, а? В город ускакал за яйцом прошутто и мидиями?
0;Главный вехтовальщик ордена слегка покачивался, да и фиалковые глаза собираются в кучку к носику. Видимо, она-то как раз успела набить себе брюхо. Вином.
Альтушка;Ну, че молчишь? Драться будем?
1;Может тебе сначала проспаться?;Ну давай, нападай.;Прошу прощения, но у меня есть неотложные дела.
Альтушка;А может и без может? Я тебя и так уделаю. Ну давай, Инквизитор. Я со скуки тут совсем подыхаю. 
Я;Ладно. Что уж там, пошли.
Альтушка;Замечательно! Но биться будем настоящими мечами. До третьей крови!
0;"И зачем только согласился? Она же как греческий огонь. Как бы чего плохого не случилось…";Вы подошли к тренировочной площадке и Альтушка бросила тебе под ноги полуторный меч. Ты взял его за рукоятку и примерил его вес, перекинув из одной руки в другую. 
Альтушка;Я начну.
0;Твой опонент выставил вперёд левую ногу и оттолкнулся от песка правой. Мгновение и лезвие её меча уже у тебя перед глазами. В последнюю секунду ты успеваешь выставить защиту. Лезвия ваших мечей выбивают искры в разные стороны. ;Альтушке требуется всего один вдох-выдох для осуществления следующей атаки и опять, ты успеваешь в последний момент выставить свой меч на её пути. Но и тут она не даёт тебе передохнуть и продолжает и продолжает свою серию атак. И это в полусознательном состоянии! ;Выпад, удар, выпад, удар, удар и бац! Ткань мантии на твоём правом плече расходится и на светлой коже проступает небольшая алая ранка.
Альтушка;Один - ноль. Твой ход.
0;Альтушка несомненно пробуждала внутри тебя какие-то чувства. Хаос, что таился внутри её души манил тебя. Хотя это всё ещё может быть просто адреналин.
1;Драться по-настоящему.;Поддаться
0;Сейчас вокруг Альтушки нет плеяды из учеников. Поэтому шутки в сторону, пора показать чему учат лучшие фехтовальщики при Дворе Его Величества.;Перехватив меч двумя руками, ты совершаешь сильный взмах над головой, который Альтушка парирует своим мечом и тут же бросается тебе под ноги и скользит прямо под тобой. Ай! Что-то больно кольнуло тебя по внутренней стороне бедра.
Альтушка;Эй, инквизитор, у тебя штаны намокли.
0;Подол мантии и правда немного разъехался красным пятном на правой ноге.
Альтушка;Два-ноль.
0;Ну вот и всё, теперь пора её действительно проучить! Ты наносишь серию ударов, атакуя то слева, то справа и сверху. ;Этому приёму тебя научил старый вояка, главный Квартирмейстер Монарха. Как только противник приноровится к темпу твоих атак следует сделать два ложных выпада и на третий уже бить во всю силу. ;И вот! Ты косаешься кончиком лезвия разгорячённой от алкоголя правой щеки Альтушки. Небольшая алая капелька расползается по лезвию твоего меча.
Альтушка;(улыбается) Неплохо, неплохо. 
0;Она отходит к ограждению, где на заборе висит её походная сумка. Что это она там достаёт? Бутылку вина? Разве им можно пить вот так посреди дня в Обители? Кажется, она высушила почти всю бутылку за один заход! Вытрев рукавом балахона губы, Альтушка встала в классическую защитную позу.
Альтушка;А ну, давай ещё!
0;Что ж, она сама напросилась. Ты отталкиваешься и уже заносишь меч для ложного выпада справа, как вдруг Альтушка теряет сознание и, выронив меч из рук, мягко осядает на песок. Присев рядом с ней, ты слышишь, как она сладко посапывает в своих пьяных грёзах. ;Ну и ну. Надо с ней что-то сделать. Но что? Отнести в казармы? Но тебе же нельзя их посещать. Как назло ещё и вокруг никого из послушников нет. Все на послеобеденной службе!
1;Отнести Альтушку к себе в гостевой дом.;Отнести Альтушку в Архив.;Оставить её лежать на песке.
0;"Лишь бы никто не увидел!"
0;Альтушка будто бы весила совсем ничего. И откуда только у неё столько сил в бою берётся?;Фух, кажется, пронесло. Пусть она пока отдохнет, а как придёт в себя так сама и смоется во свояси. Ну и ну. Теперь то уж точно можно вернуться в Архив.
0;*Архив*
0;Скромняга не заметила, как ты вошёл. Опять слишком увлечена чтением романа.
Я;Кхм. Добрый день, Скромняга
Скромняга;А-а, господин Инквизитор, рада вас видеть! Интересующие вас книги остались на столе, за которым вы вчера сидели. Я их специально не убирала, но рассчитывала, что вы придёте утром.
Я;У меня были неотложные дела в городе. Поэтому пришёл, как только смог.
Скромняга;Ну, если я вам понадоблюсь - зовите!
0;Ты улыбнулся Скромняге и прошёл вперёд, в читальный зал.;"И так, на чём же я остановился?"
1;Список контрактников и субподрядчиков Ордена.;Книга финансов Ордена за последние пять лет.
0;Тот восточный купец, интересно, есть ли о нём хоть какие-то записи?;Ты внимательно пролистываешь самые свежие страницы тома, но в нём нет никаких имён хотя-бы отдалёно имеющие восточные корни. На самом деле всё тут довольно пресно. Дата, когда заключена сделка; дата окончания договора; имя подрядчика; предмет договора; размер денежных выплат и их периодичность. Вот и всё.
0;(возможно тут будет лист с примером контрактов)(нихуя ты придумал, умник)
0;Ничего криминального Орден сюда не вписывал. Поставки зерна, дерева, рыбы. Железной руды, руды медной. Судя по контрактам на сырьё, никаких сверх покупок Орден не производил. Обязуемого по контракту железа хватит чтобы снабдить текущий состав Ордена одним комплектом брони и оружия. ;Как-то маловато для затяжной войны против Монарха… И никаких тебе заказов на осадные орудия. Досадно…
1;Продолжить изучать Договорную книгу.;Перейти к книге Финансов Ордена.
0;Ты продолжаешь листать страницы. Надежды, конечно, немного, но следует проверить все активные и ещё не закрытые контракты. Может что-то да подвернётся. И вот, на пятнадцатой странице, твоё внимание привлекает сомнительная цифра. ;Не то, чтобы она была уж прям совсем странной. Но кто, чёрт возьми, заказывает пятьсот киллограмм кукурузной муки? Контракт, правда, уже как пять месяцев исполнен. Следует выписать всю информацию по нему для Архивариуса. 
0;Так, погодите, а это что? По пять золотых за фунт хлопка? Если подумать, то никто из встреченных на пути послушников не носил хлопковых одежд. Их мантии сшиты из какого-то грубого сукна, не более… Ладно, над этим Архивариус пусть тоже поработает.
0;Эти две странные записи пробудили в тебе интерес пролистать книгу целиком, но, увы, больше ничего интересного в ней не обнаружилось.;Что ж, пора переходить к книге Финансов.
0;Как мило со стороны Ордена вести ежемесячный, ежеквартальный и ежегодный финансовые отчёты. По этим записям всё подбивалось чин-чин. Смущает разве только графа "пожертвования". Потому что источник этого дохода отследить никак не получится. Как ни крути, а они анонимные. Да и цифры, не сказать, что огромные выходили отсюда. ;С другой стороны, по завершению Крестового похода, казна Ордена явно пополнялась от субсидий Дворца. И уже после таких выплат и планировался бюджет. Который, к твоему удивлению, всегда укладывался в ежегодные расходы. ;При Дворе финансисты только и мечтать могут о таком. У них-то всё время проблемы то с вечеринками Монарха, то с беднеющими вельможами. Бедняги дни и ночи напролёт мастерят новые налоги, да так, чтобы не рассердить обычных мирян. Да, благородным господам стоило бы поучиться сдержанности в своих желаниях у этих послушниц. Их пока можно уличить разве что в любви к кукурузному хлебу.
0;Ну вот и всё. С теорией покончено и результатом ты абсолютно не доволен. Нужно отталкиваться от самого плохого сценария, в котором Орден и правда погряз в Ереси. Тогда у них точно должна быть "теневая" бухгалтерия. О которой Скромняга может быть и не вкурсе. А может быть и вкурсе… ;Нужно будет обязательно завтра спросить у Архивариуса за этого Тристрана. И можно начинать раскручивать эту ниточку.
0;Когда ты уходил из Архива Скромняга уже во всю спала на своём рабочем месте, прямо над книгой про Тристрана.;Будить её ты, конечно, не стал.;"Интересно, Альтушка уже пришла в себя? Будет неловко будить её вот так и просить уйти из гостевого домика."
0;Но нет, можно вздохнуть с облегчением. Главный фехтовальщик Ордена проспался и испарился из твоей обители. ;Ты быстренько умылся из ведра, что стоит на улице, разделся и приготовился ко сну.;"Как обычно в подобных расследованиях и бывает - начало довольно умеренное. Но скоро, совсем скоро, сон по ночам станет привелегией.";Засыпая, тебе показалось, будто бы частичка тебя всё же надеялась увидеть здесь Альтушку. И, может быть, чтобы она осталась?
0;*Сон третий*
0;Что-то не так с колосьями пшеницы на этом поле. Своими початками они достают тебе до самого лба и нужно постоянно раздвигать их свободной рукой. Другую твою руку кто-то крепко сжимает. Ты чувствуешь тепло близкого тебе человека. Справа нависает оттенённый солнцем женский силуэт. Нет, с пшеницей всё впорядке. Это просто ты уменьшился. Точнее будет сказать - вернулся в детство.;Но куда ведёт тебя эта женщина? Солнце в самом зените и поэтому рассмотреть спутницу у тебя не получается. Ты закрываешься от солнечного света левой ладонью. Так, чтобы сквозь пальцы можно было увидеть затылок с длинными, падающими до самых щиколоток, волосами.
0;"Мама?" ты зовёшь женщину и она немного поворачивается к тебе. Сквозь пальцы тебе мало что получается рассмотреть, но одно ты видишь точно. Её губы растянуты в улыбке.
*День третий. Таверна*
Поручик;Паршиво выглядишь, босс. Мне всё же кажется, что ты там во всю по ночам с монашками кувыркаешься. Или же просто кошмары мучают?
Я;Всеголишь грёзы, не более. Ну, что у нас на повестке?
0;Поручик плавным жестом руки предлагает начать Архивариусу.
Архивариус;Я запросил информацию у наших союзников по поводу этих офицеров.
0;Он протягивает на стол пергамент с Матерью, Умнякой и Альтушкой.
Архивариус;Дело в том, что конкретно они - благородных кровей. И, к моему удивлению, кое кто из них присоединился к Ордену добровольно. Умняка. Она - старшая дочь Сэра Гавейна Сильверкнехта.
Поручик;Вот оно как. Будь у меня отец владельцем крупнейшего торгового флота Монархии, я бы вокруг себя построил Дворец разврата. А она ушла в Обитель воздержания, мда уж.
0;Архивариус недовольно закашлил в свой маленький кулачок.
Архивариус;Попрошу не перебивать, коллега.
Поручик;Молчу, молчу.
АРХИВАРИУС;И так, на чём это я? Ах, да. Умняка по неоглашённой причине предпочла наследству своего отца Орден. У Сэра Сильверкнехта казночеем работает мой старый друг. Мы знакомы с парты церковно-приходской школы. Поэтому я написал ему письмо и жду ответа.
ПОРУЧИК;Я в свою очередь весь вчерашний день бродил по купеческому, ремесленническому и знатному кварталу. И знаешь, шеф, везде мне попадалась эта Умняка. Она ещё всюду таскает трёх прелестных юных созданий, но для каких целей мне пока не понятно. ;Среди купцов я видел, как они о чём-то договариваются. И я был уже готов решить, что она просто, не знаю, главная по снабжению в этом шапито или ещё кто-то такого рода. Но, чёрт меня побери, шеф, если я не знаю, как гремит туго набитый золотом кожаный мешок. И купцы какие-то странные. Один торгует восточными коврами. Ты вот видел ковры у них в Обители?
Я;Нет, не видел. Но кажется понимаю о каком купце ты говоришь.
ПОРУЧИК;Вот то-то и оно, шеф. В ремесленническом квартале эта особа посетила плотника, что мастерит тележки и кореты. Ну и у знати она забежала в аукционный дом "Голдштейн и наследники". Ну, может она по старой памяти пристрастилась к коллекционированию антиквариата. Откуда мне знать? Но чуйка мне подсказывает, шеф, что-то она воду мутит.
Я;А по остальным что? 
АРХИВАРИУС;Сейчас. Так, посмотрим… Ага. Мать. Второй ребенок графа Робенсона, владеющего северными землями в провинции Норсгейт. Первенец у него мужского пола. Она написала официальное заявление, что, далее цитирую:;"Не могу жить в излишествах, пока наши люди гибнут на этой затяжной войне с Эльфами."
ПОРУЧИК;Не может жить в излишествах. Тьфу. Придурь богатеев.
АРХИВАРИУС;Коллега, просил же! Сэр, в общем, было это давно. Так или не так сказать сложно. Но жизнь у неё должна была быть шикарной. По наследству она была бы на пожизненном попечительстве у своего старшего брата. Но она решила по-другому.
Поручик;Хе-хе. Сбежала в этот глупый Орден. А всеравно, осталась на втором месте по списку. Наверное, спит и видит, как станет Архимагистром.
Я;А что там по Альтушке?
АРХИВАРИУС;У этой бедняжки всё не так хорошо было, как у предыдущих двух. Её отец Сэр Берлингтон и ему принадлежит половина плантаций по выращиванию хлопка. ;Дело в том, что сэр Берлингтон очень хотел сына. Но женщины рождали от него только девочек. Одному Богу известно, сколько денег он внёс в Королевскую казну, чтобы три его брака признали недействительными.
Поручик;Вот тебе и папашка. Родилась без хозяйства в штанах - долой на свалку.
Архивариус;Альтушка - третья его дочь.
Поручик;Просто интересуюсь, коллега, а сколько всего?
Архивариус;Судя по записям, доступным в городской ратуше, на пятый брак у него всё же родился наследник.
Поручик;Целеустремлённый малый, молодец! (хлопает в ладоши).
0;"Значит, бастард… Это многое объясняет."
1;Судя по всему, она часто отлучается за пределы монастыря. Поручик, прошу, проследи сегодня вечером за теми, кто покинет Обитель.;Архивариус, тебе знакомо имя "Тристран"? Это должен быть герой какого-то популярного романа;Я видел, как Умняка расплачивалась с тем восточным купцом. Думаю, Поручик, пора тебе его навестить. Сделай, как обычно, ночью тихо и без шума. Вскрой его эту лавку да поройся как следует, авось чего и найдёшь.
Поручик;Как скажешь, шеф. Буду держать нос по ветру.
Я;И вот.
0;Ты протягиваешь листок с информацией о подозрительных контрактах Ордена.
Я;Архивариус, посмотри информацию об этих торговцах и ремесленниках. Что-то цифры мне эти уж совсем не нравятся.
Архивариус;Будет сделано, сэр!
Я;Ну, на этом наша встреча окончена. До завтра!
0;*Обитель ордена. Около полудня.*161 диалог



